43.8,-8.1,0
43.8,-8,0
43.8,-7.9,0
43.8,-7.8,0
43.8,-7.7,0
43.8,-7.6,0
43.8,-7.5,0
43.8,-7.4,0
43.7,-8.3,0
43.7,-8.2,0
43.7,-8.1,0
43.7,-8,0
43.7,-7.9,0
43.7,-7.8,0
43.7,-7.7,0
43.7,-7.6,0
43.7,-7.5,0
43.7,-7.4,0
43.7,-7.3,0
43.7,-7.2,0
43.7,-6,0
43.7,-5.9,0
43.7,-5.8,0
43.7,-5.7,0
43.6,-8.4,0
43.6,-8.3,0
43.6,-8.2,0
43.6,-8.1,0
43.6,-8,0
43.6,-7.9,0
43.6,-7.8,0
43.6,-7.7,0
43.6,-7.6,0
43.6,-7.5,0
43.6,-7.4,0
43.6,-7.3,0
43.6,-7.2,0
43.6,-7.1,0
43.6,-7,0
43.6,-6.9,0
43.6,-6.8,0
43.6,-6.7,0
43.6,-6.6,0
43.6,-6.5,0
43.6,-6.4,0
43.6,-6.3,0
43.6,-6.2,0
43.6,-6.1,0
43.6,-6,0
43.6,-5.9,0
43.6,-5.8,0
43.6,-5.7,0
43.6,-5.6,0
43.6,-5.5,0
43.6,-5.4,0
43.6,-5.3,0
43.6,-5.2,0
43.6,-3.7,0
43.6,-3.6,0
43.6,-3.5,0
43.5,-8.4,0
43.5,-8.3,0
43.5,-8.2,0
43.5,-8.1,0
43.5,-8,0
43.5,-7.9,0
43.5,-7.8,0
43.5,-7.7,0
43.5,-7.6,0
43.5,-7.5,0
43.5,-7.4,0
43.5,-7.3,0
43.5,-7.2,0
43.5,-7.1,0
43.5,-7,0
43.5,-6.9,0
43.5,-6.8,0
43.5,-6.7,0
43.5,-6.6,0
43.5,-6.5,0
43.5,-6.4,0
43.5,-6.3,0
43.5,-6.2,0
43.5,-6.1,0
43.5,-6,0
43.5,-5.9,0
43.5,-5.8,0
43.5,-5.7,0
43.5,-5.6,0
43.5,-5.5,0
43.5,-5.4,0
43.5,-5.3,0
43.5,-5.2,0
43.5,-5.1,0
43.5,-5,0
43.5,-4.9,0
43.5,-4.8,0
43.5,-4.7,0
43.5,-4.6,0
43.5,-4.4,0
43.5,-4.3,0
43.5,-4.2,0
43.5,-4.1,0
43.5,-4,0
43.5,-3.9,0
43.5,-3.8,0
43.5,-3.7,0
43.5,-3.6,0
43.5,-3.5,0
43.5,-3.4,0
43.5,-3.3,0
43.5,-3.2,0
43.5,-3,0
43.5,-2.9,0
43.5,-2.8,0
43.5,-2.7,0
43.5,-2.6,0
43.4,-9,0
43.4,-8.9,0
43.4,-8.8,0
43.4,-8.7,0
43.4,-8.6,0
43.4,-8.5,0
43.4,-8.4,0
43.4,-8.3,0
43.4,-8.2,0
43.4,-8.1,0
43.4,-8,0
43.4,-7.9,0
43.4,-7.8,0
43.4,-7.7,0
43.4,-7.6,0
43.4,-7.5,0
43.4,-7.4,0
43.4,-7.3,0
43.4,-7.2,0
43.4,-7.1,0
43.4,-7,0
43.4,-6.9,0
43.4,-6.8,0
43.4,-6.7,0
43.4,-6.6,0
43.4,-6.5,0
43.4,-6.4,0
43.4,-6.3,0
43.4,-6.2,0
43.4,-6.1,0
43.4,-6,0
43.4,-5.9,0
43.4,-5.8,0
43.4,-5.7,0
43.4,-5.6,0
43.4,-5.5,0
43.4,-5.4,0
43.4,-5.3,0
43.4,-5.2,0
43.4,-5.1,0
43.4,-5,0
43.4,-4.9,0
43.4,-4.8,0
43.4,-4.7,0
43.4,-4.6,0
43.4,-4.5,0
43.4,-4.4,0
43.4,-4.3,0
43.4,-4.2,0
43.4,-4.1,0
43.4,-4,0
43.4,-3.9,0
43.4,-3.8,0
43.4,-3.7,0
43.4,-3.6,0
43.4,-3.5,0
43.4,-3.4,0
43.4,-3.3,0
43.4,-3.2,0
43.4,-3.1,0
43.4,-3,0
43.4,-2.9,0
43.4,-2.8,0
43.4,-2.7,0
43.4,-2.6,0
43.4,-2.5,0
43.4,-2.4,0
43.4,-2.3,0
43.4,-2.2,0
43.4,-2.1,0
43.4,-2,0
43.4,-1.9,0
43.4,-1.8,0
43.4,-1.7,0
43.4,-1.6,0
43.3,-9.2,0
43.3,-9.1,0
43.3,-9,0
43.3,-8.9,0
43.3,-8.8,0
43.3,-8.7,0
43.3,-8.6,0
43.3,-8.5,0
43.3,-8.4,0
43.3,-8.3,0
43.3,-8.2,0
43.3,-8.1,0
43.3,-8,0
43.3,-7.9,0
43.3,-7.8,0
43.3,-7.7,0
43.3,-7.6,0
43.3,-7.5,0
43.3,-7.4,0
43.3,-7.3,0
43.3,-7.2,0
43.3,-7.1,0
43.3,-7,0
43.3,-6.9,0
43.3,-6.8,0
43.3,-6.7,0
43.3,-6.6,0
43.3,-6.5,0
43.3,-6.4,0
43.3,-6.3,0
43.3,-6.2,0
43.3,-6.1,0
43.3,-6,0
43.3,-5.9,0
43.3,-5.8,0
43.3,-5.7,0
43.3,-5.6,0
43.3,-5.5,0
43.3,-5.4,0
43.3,-5.3,0
43.3,-5.2,0
43.3,-5.1,0
43.3,-5,0
43.3,-4.9,0
43.3,-4.8,0
43.3,-4.7,0
43.3,-4.6,0
43.3,-4.5,0
43.3,-4.4,0
43.3,-4.3,0
43.3,-4.2,0
43.3,-4.1,0
43.3,-4,0
43.3,-3.9,0
43.3,-3.8,0
43.3,-3.7,0
43.3,-3.6,0
43.3,-3.5,0
43.3,-3.4,0
43.3,-3.3,0
43.3,-3.2,0
43.3,-3.1,0
43.3,-3,0
43.3,-2.9,0
43.3,-2.8,0
43.3,-2.7,0
43.3,-2.6,0
43.3,-2.5,0
43.3,-2.4,0
43.3,-2.3,0
43.3,-2.2,0
43.3,-2.1,0
43.3,-2,0
43.3,-1.9,0
43.3,-1.8,0
43.3,-1.7,0
43.3,-1.6,0
43.3,-1.5,0
43.3,-1.4,0
43.3,-1.3,0
43.2,-9.3,0
43.2,-9.2,0
43.2,-9.1,0
43.2,-9,0
43.2,-8.9,0
43.2,-8.8,0
43.2,-8.7,0
43.2,-8.6,0
43.2,-8.5,0
43.2,-8.4,0
43.2,-8.3,0
43.2,-8.2,0
43.2,-8.1,0
43.2,-8,0
43.2,-7.9,0
43.2,-7.8,0
43.2,-7.7,0
43.2,-7.6,0
43.2,-7.5,0
43.2,-7.4,0
43.2,-7.3,0
43.2,-7.2,0
43.2,-7.1,0
43.2,-7,0
43.2,-6.9,0
43.2,-6.8,0
43.2,-6.7,0
43.2,-6.6,0
43.2,-6.5,0
43.2,-6.4,0
43.2,-6.3,0
43.2,-6.2,0
43.2,-6.1,0
43.2,-6,0
43.2,-5.9,0
43.2,-5.8,0
43.2,-5.7,0
43.2,-5.6,0
43.2,-5.5,0
43.2,-5.4,0
43.2,-5.3,0
43.2,-5.2,0
43.2,-5.1,0
43.2,-5,0
43.2,-4.9,0
43.2,-4.8,0
43.2,-4.7,0
43.2,-4.6,0
43.2,-4.5,0
43.2,-4.4,0
43.2,-4.3,0
43.2,-4.2,0
43.2,-4.1,0
43.2,-4,0
43.2,-3.9,0
43.2,-3.8,0
43.2,-3.7,0
43.2,-3.6,0
43.2,-3.5,0
43.2,-3.4,0
43.2,-3.3,0
43.2,-3.2,0
43.2,-3.1,0
43.2,-3,0
43.2,-2.9,0
43.2,-2.8,0
43.2,-2.7,0
43.2,-2.6,0
43.2,-2.5,0
43.2,-2.4,0
43.2,-2.3,0
43.2,-2.2,0
43.2,-2.1,0
43.2,-2,0
43.2,-1.9,0
43.2,-1.8,0
43.2,-1.7,0
43.2,-1.6,0
43.2,-1.5,0
43.2,-1.4,0
43.2,-1.3,0
43.2,-1.2,0
43.1,-9.4,0
43.1,-9.3,0
43.1,-9.2,0
43.1,-9.1,0
43.1,-9,0
43.1,-8.9,0
43.1,-8.8,0
43.1,-8.7,0
43.1,-8.6,0
43.1,-8.5,0
43.1,-8.4,0
43.1,-8.3,0
43.1,-8.2,0
43.1,-8.1,0
43.1,-8,0
43.1,-7.9,0
43.1,-7.8,0
43.1,-7.7,0
43.1,-7.6,0
43.1,-7.5,0
43.1,-7.4,0
43.1,-7.3,0
43.1,-7.2,0
43.1,-7.1,0
43.1,-7,0
43.1,-6.9,0
43.1,-6.8,0
43.1,-6.7,0
43.1,-6.6,0
43.1,-6.5,0
43.1,-6.4,0
43.1,-6.3,0
43.1,-6.2,0
43.1,-6.1,0
43.1,-6,0
43.1,-5.9,0
43.1,-5.8,0
43.1,-5.7,0
43.1,-5.6,0
43.1,-5.5,0
43.1,-5.4,0
43.1,-5.3,0
43.1,-5.2,0
43.1,-5.1,0
43.1,-5,0
43.1,-4.9,0
43.1,-4.8,0
43.1,-4.7,0
43.1,-4.6,0
43.1,-4.5,0
43.1,-4.4,0
43.1,-4.3,0
43.1,-4.2,0
43.1,-4.1,0
43.1,-4,0
43.1,-3.9,0
43.1,-3.8,0
43.1,-3.7,0
43.1,-3.6,0
43.1,-3.5,0
43.1,-3.4,0
43.1,-3.3,0
43.1,-3.2,0
43.1,-3.1,0
43.1,-3,0
43.1,-2.9,0
43.1,-2.8,0
43.1,-2.7,0
43.1,-2.6,0
43.1,-2.5,0
43.1,-2.4,0
43.1,-2.3,0
43.1,-2.2,0
43.1,-2.1,0
43.1,-2,0
43.1,-1.9,0
43.1,-1.8,0
43.1,-1.7,0
43.1,-1.6,0
43.1,-1.5,0
43.1,-1.4,0
43.1,-1.3,0
43.1,-1.2,0
43.1,-1.1,0
43.1,-1,0
43,-9.4,0
43,-9.3,0
43,-9.2,0
43,-9.1,0
43,-9,0
43,-8.9,0
43,-8.8,0
43,-8.7,0
43,-8.6,0
43,-8.5,0
43,-8.4,0
43,-8.3,0
43,-8.2,0
43,-8.1,0
43,-8,0
43,-7.9,0
43,-7.8,0
43,-7.7,0
43,-7.6,0
43,-7.5,0
43,-7.4,0
43,-7.3,0
43,-7.2,0
43,-7.1,0
43,-7,0
43,-6.9,0
43,-6.8,0
43,-6.7,0
43,-6.6,0
43,-6.5,0
43,-6.4,0
43,-6.3,0
43,-6.2,0
43,-6.1,0
43,-6,0
43,-5.9,0
43,-5.8,0
43,-5.7,0
43,-5.6,0
43,-5.5,0
43,-5.4,0
43,-5.3,0
43,-5.2,0
43,-5.1,0
43,-5,0
43,-4.9,0
43,-4.8,0
43,-4.7,0
43,-4.6,0
43,-4.5,0
43,-4.4,0
43,-4.3,0
43,-4.2,0
43,-4.1,0
43,-4,0
43,-3.9,0
43,-3.8,0
43,-3.7,0
43,-3.6,0
43,-3.5,0
43,-3.4,0
43,-3.3,0
43,-3.2,0
43,-3.1,0
43,-3,0
43,-2.9,0
43,-2.8,0
43,-2.7,0
43,-2.6,0
43,-2.5,0
43,-2.4,0
43,-2.3,0
43,-2.2,0
43,-2.1,0
43,-2,0
43,-1.9,0
43,-1.8,0
43,-1.7,0
43,-1.6,0
43,-1.5,0
43,-1.4,0
43,-1.3,0
43,-1.2,0
43,-1.1,0
43,-1,0
43,-0.9,0
43,-0.8,0
43,-0.7,0
42.9,-9.4,0
42.9,-9.3,0
42.9,-9.2,0
42.9,-9.1,0
42.9,-9,0
42.9,-8.9,0
42.9,-8.8,0
42.9,-8.7,0
42.9,-8.6,0
42.9,-8.5,0
42.9,-8.4,0
42.9,-8.3,0
42.9,-8.2,0
42.9,-8.1,0
42.9,-8,0
42.9,-7.9,0
42.9,-7.8,0
42.9,-7.7,0
42.9,-7.6,0
42.9,-7.5,0
42.9,-7.4,0
42.9,-7.3,0
42.9,-7.2,0
42.9,-7.1,0
42.9,-7,0
42.9,-6.9,0
42.9,-6.8,0
42.9,-6.7,0
42.9,-6.6,0
42.9,-6.5,0
42.9,-6.4,0
42.9,-6.3,0
42.9,-6.2,0
42.9,-6.1,0
42.9,-6,0
42.9,-5.9,0
42.9,-5.8,0
42.9,-5.7,0
42.9,-5.6,0
42.9,-5.5,0
42.9,-5.4,0
42.9,-5.3,0
42.9,-5.2,0
42.9,-5.1,0
42.9,-5,0
42.9,-4.9,0
42.9,-4.8,0
42.9,-4.7,0
42.9,-4.6,0
42.9,-4.5,0
42.9,-4.4,0
42.9,-4.3,0
42.9,-4.2,0
42.9,-4.1,0
42.9,-4,0
42.9,-3.9,0
42.9,-3.8,0
42.9,-3.7,0
42.9,-3.6,0
42.9,-3.5,0
42.9,-3.4,0
42.9,-3.3,0
42.9,-3.2,0
42.9,-3.1,0
42.9,-3,0
42.9,-2.9,0
42.9,-2.8,0
42.9,-2.7,0
42.9,-2.6,0
42.9,-2.5,0
42.9,-2.4,0
42.9,-2.3,0
42.9,-2.2,0
42.9,-2.1,0
42.9,-2,0
42.9,-1.9,0
42.9,-1.8,0
42.9,-1.7,0
42.9,-1.6,0
42.9,-1.5,0
42.9,-1.4,0
42.9,-1.3,0
42.9,-1.2,0
42.9,-1.1,0
42.9,-1,0
42.9,-0.9,0
42.9,-0.8,0
42.9,-0.7,0
42.9,-0.6,0
42.9,-0.5,0
42.9,-0.4,0
42.9,-0.3,0
42.9,-0.2,0
42.9,0.6,0
42.9,0.7,0
42.9,0.8,0
42.9,0.9,0
42.9,1,0
42.8,-9.2,0
42.8,-9.1,0
42.8,-9,0
42.8,-8.9,0
42.8,-8.8,0
42.8,-8.7,0
42.8,-8.6,0
42.8,-8.5,0
42.8,-8.4,0
42.8,-8.3,0
42.8,-8.2,0
42.8,-8.1,0
42.8,-8,0
42.8,-7.9,0
42.8,-7.8,0
42.8,-7.7,0
42.8,-7.6,0
42.8,-7.5,0
42.8,-7.4,0
42.8,-7.3,0
42.8,-7.2,0
42.8,-7.1,0
42.8,-7,0
42.8,-6.9,0
42.8,-6.8,0
42.8,-6.7,0
42.8,-6.6,0
42.8,-6.5,0
42.8,-6.4,0
42.8,-6.3,0
42.8,-6.2,0
42.8,-6.1,0
42.8,-6,0
42.8,-5.9,0
42.8,-5.8,0
42.8,-5.7,0
42.8,-5.6,0
42.8,-5.5,0
42.8,-5.4,0
42.8,-5.3,0
42.8,-5.2,0
42.8,-5.1,0
42.8,-5,0
42.8,-4.9,0
42.8,-4.8,0
42.8,-4.7,0
42.8,-4.6,0
42.8,-4.5,0
42.8,-4.4,0
42.8,-4.3,0
42.8,-4.2,0
42.8,-4.1,0
42.8,-4,0
42.8,-3.9,0
42.8,-3.8,0
42.8,-3.7,0
42.8,-3.6,0
42.8,-3.5,0
42.8,-3.4,0
42.8,-3.3,0
42.8,-3.2,0
42.8,-3.1,0
42.8,-3,0
42.8,-2.9,0
42.8,-2.8,0
42.8,-2.7,0
42.8,-2.6,0
42.8,-2.5,0
42.8,-2.4,0
42.8,-2.3,0
42.8,-2.2,0
42.8,-2.1,0
42.8,-2,0
42.8,-1.9,0
42.8,-1.8,0
42.8,-1.7,0
42.8,-1.6,0
42.8,-1.5,0
42.8,-1.4,0
42.8,-1.3,0
42.8,-1.2,0
42.8,-1.1,0
42.8,-1,0
42.8,-0.9,0
42.8,-0.8,0
42.8,-0.7,0
42.8,-0.6,0
42.8,-0.5,0
42.8,-0.4,0
42.8,-0.3,0
42.8,-0.2,0
42.8,-0.1,0
42.8,0,0
42.8,0.1,0
42.8,0.2,0
42.8,0.3,0
42.8,0.4,0
42.8,0.6,0
42.8,0.7,0
42.8,0.8,0
42.8,0.9,0
42.8,1,0
42.8,1.1,0
42.8,1.2,0
42.8,1.3,0
42.8,1.4,0
42.7,-9.1,0
42.7,-9,0
42.7,-8.9,0
42.7,-8.8,0
42.7,-8.7,0
42.7,-8.6,0
42.7,-8.5,0
42.7,-8.4,0
42.7,-8.3,0
42.7,-8.2,0
42.7,-8.1,0
42.7,-8,0
42.7,-7.9,0
42.7,-7.8,0
42.7,-7.7,0
42.7,-7.6,0
42.7,-7.5,0
42.7,-7.4,0
42.7,-7.3,0
42.7,-7.2,0
42.7,-7.1,0
42.7,-7,0
42.7,-6.9,0
42.7,-6.8,0
42.7,-6.7,0
42.7,-6.6,0
42.7,-6.5,0
42.7,-6.4,0
42.7,-6.3,0
42.7,-6.2,0
42.7,-6.1,0
42.7,-6,0
42.7,-5.9,0
42.7,-5.8,0
42.7,-5.7,0
42.7,-5.6,0
42.7,-5.5,0
42.7,-5.4,0
42.7,-5.3,0
42.7,-5.2,0
42.7,-5.1,0
42.7,-5,0
42.7,-4.9,0
42.7,-4.8,0
42.7,-4.7,0
42.7,-4.6,0
42.7,-4.5,0
42.7,-4.4,0
42.7,-4.3,0
42.7,-4.2,0
42.7,-4.1,0
42.7,-4,0
42.7,-3.9,0
42.7,-3.8,0
42.7,-3.7,0
42.7,-3.6,0
42.7,-3.5,0
42.7,-3.4,0
42.7,-3.3,0
42.7,-3.2,0
42.7,-3.1,0
42.7,-3,0
42.7,-2.9,0
42.7,-2.8,0
42.7,-2.7,0
42.7,-2.6,0
42.7,-2.5,0
42.7,-2.4,0
42.7,-2.3,0
42.7,-2.2,0
42.7,-2.1,0
42.7,-2,0
42.7,-1.9,0
42.7,-1.8,0
42.7,-1.7,0
42.7,-1.6,0
42.7,-1.5,0
42.7,-1.4,0
42.7,-1.3,0
42.7,-1.2,0
42.7,-1.1,0
42.7,-1,0
42.7,-0.9,0
42.7,-0.8,0
42.7,-0.7,0
42.7,-0.6,0
42.7,-0.5,0
42.7,-0.4,0
42.7,-0.3,0
42.7,-0.2,0
42.7,-0.1,0
42.7,0,0
42.7,0.1,0
42.7,0.2,0
42.7,0.3,0
42.7,0.4,0
42.7,0.5,0
42.7,0.6,0
42.7,0.7,0
42.7,0.8,0
42.7,0.9,0
42.7,1,0
42.7,1.1,0
42.7,1.2,0
42.7,1.3,0
42.7,1.4,0
42.7,1.5,0
42.7,1.6,0
42.7,1.7,0
42.7,1.8,0
42.6,-9.1,0
42.6,-9,0
42.6,-8.9,0
42.6,-8.8,0
42.6,-8.7,0
42.6,-8.6,0
42.6,-8.5,0
42.6,-8.4,0
42.6,-8.3,0
42.6,-8.2,0
42.6,-8.1,0
42.6,-8,0
42.6,-7.9,0
42.6,-7.8,0
42.6,-7.7,0
42.6,-7.6,0
42.6,-7.5,0
42.6,-7.4,0
42.6,-7.3,0
42.6,-7.2,0
42.6,-7.1,0
42.6,-7,0
42.6,-6.9,0
42.6,-6.8,0
42.6,-6.7,0
42.6,-6.6,0
42.6,-6.5,0
42.6,-6.4,0
42.6,-6.3,0
42.6,-6.2,0
42.6,-6.1,0
42.6,-6,0
42.6,-5.9,0
42.6,-5.8,0
42.6,-5.7,0
42.6,-5.6,0
42.6,-5.5,0
42.6,-5.4,0
42.6,-5.3,0
42.6,-5.2,0
42.6,-5.1,0
42.6,-5,0
42.6,-4.9,0
42.6,-4.8,0
42.6,-4.7,0
42.6,-4.6,0
42.6,-4.5,0
42.6,-4.4,0
42.6,-4.3,0
42.6,-4.2,0
42.6,-4.1,0
42.6,-4,0
42.6,-3.9,0
42.6,-3.8,0
42.6,-3.7,0
42.6,-3.6,0
42.6,-3.5,0
42.6,-3.4,0
42.6,-3.3,0
42.6,-3.2,0
42.6,-3.1,0
42.6,-3,0
42.6,-2.9,0
42.6,-2.8,0
42.6,-2.7,0
42.6,-2.6,0
42.6,-2.5,0
42.6,-2.4,0
42.6,-2.3,0
42.6,-2.2,0
42.6,-2.1,0
42.6,-2,0
42.6,-1.9,0
42.6,-1.8,0
42.6,-1.7,0
42.6,-1.6,0
42.6,-1.5,0
42.6,-1.4,0
42.6,-1.3,0
42.6,-1.2,0
42.6,-1.1,0
42.6,-1,0
42.6,-0.9,0
42.6,-0.8,0
42.6,-0.7,0
42.6,-0.6,0
42.6,-0.5,0
42.6,-0.4,0
42.6,-0.3,0
42.6,-0.2,0
42.6,-0.1,0
42.6,0,0
42.6,0.1,0
42.6,0.2,0
42.6,0.3,0
42.6,0.4,0
42.6,0.5,0
42.6,0.6,0
42.6,0.7,0
42.6,0.8,0
42.6,0.9,0
42.6,1,0
42.6,1.1,0
42.6,1.2,0
42.6,1.3,0
42.6,1.4,0
42.6,1.5,0
42.6,1.6,0
42.6,1.7,0
42.6,1.8,0
42.5,-9.1,0
42.5,-9,0
42.5,-8.9,0
42.5,-8.8,0
42.5,-8.7,0
42.5,-8.6,0
42.5,-8.5,0
42.5,-8.4,0
42.5,-8.3,0
42.5,-8.2,0
42.5,-8.1,0
42.5,-8,0
42.5,-7.9,0
42.5,-7.8,0
42.5,-7.7,0
42.5,-7.6,0
42.5,-7.5,0
42.5,-7.4,0
42.5,-7.3,0
42.5,-7.2,0
42.5,-7.1,0
42.5,-7,0
42.5,-6.9,0
42.5,-6.8,0
42.5,-6.7,0
42.5,-6.6,0
42.5,-6.5,0
42.5,-6.4,0
42.5,-6.3,0
42.5,-6.2,0
42.5,-6.1,0
42.5,-6,0
42.5,-5.9,0
42.5,-5.8,0
42.5,-5.7,0
42.5,-5.6,0
42.5,-5.5,0
42.5,-5.4,0
42.5,-5.3,0
42.5,-5.2,0
42.5,-5.1,0
42.5,-5,0
42.5,-4.9,0
42.5,-4.8,0
42.5,-4.7,0
42.5,-4.6,0
42.5,-4.5,0
42.5,-4.4,0
42.5,-4.3,0
42.5,-4.2,0
42.5,-4.1,0
42.5,-4,0
42.5,-3.9,0
42.5,-3.8,0
42.5,-3.7,0
42.5,-3.6,0
42.5,-3.5,0
42.5,-3.4,0
42.5,-3.3,0
42.5,-3.2,0
42.5,-3.1,0
42.5,-3,0
42.5,-2.9,0
42.5,-2.8,0
42.5,-2.7,0
42.5,-2.6,0
42.5,-2.5,0
42.5,-2.4,0
42.5,-2.3,0
42.5,-2.2,0
42.5,-2.1,0
42.5,-2,0
42.5,-1.9,0
42.5,-1.8,0
42.5,-1.7,0
42.5,-1.6,0
42.5,-1.5,0
42.5,-1.4,0
42.5,-1.3,0
42.5,-1.2,0
42.5,-1.1,0
42.5,-1,0
42.5,-0.9,0
42.5,-0.8,0
42.5,-0.7,0
42.5,-0.6,0
42.5,-0.5,0
42.5,-0.4,0
42.5,-0.3,0
42.5,-0.2,0
42.5,-0.1,0
42.5,0,0
42.5,0.1,0
42.5,0.2,0
42.5,0.3,0
42.5,0.4,0
42.5,0.5,0
42.5,0.6,0
42.5,0.7,0
42.5,0.8,0
42.5,0.9,0
42.5,1,0
42.5,1.1,0
42.5,1.2,0
42.5,1.3,0
42.5,1.4,0
42.5,1.5,0
42.5,1.6,0
42.5,1.7,0
42.5,1.8,0
42.5,1.9,0
42.5,2,0
42.5,2.1,0
42.5,2.2,0
42.5,2.3,0
42.5,2.4,0
42.5,2.6,0
42.5,2.7,0
42.5,2.8,0
42.5,2.9,0
42.5,3,0
42.5,3.1,0
42.5,3.2,0
42.4,-9,0
42.4,-8.9,0
42.4,-8.8,0
42.4,-8.7,0
42.4,-8.6,0
42.4,-8.5,0
42.4,-8.4,0
42.4,-8.3,0
42.4,-8.2,0
42.4,-8.1,0
42.4,-8,0
42.4,-7.9,0
42.4,-7.8,0
42.4,-7.7,0
42.4,-7.6,0
42.4,-7.5,0
42.4,-7.4,0
42.4,-7.3,0
42.4,-7.2,0
42.4,-7.1,0
42.4,-7,0
42.4,-6.9,0
42.4,-6.8,0
42.4,-6.7,0
42.4,-6.6,0
42.4,-6.5,0
42.4,-6.4,0
42.4,-6.3,0
42.4,-6.2,0
42.4,-6.1,0
42.4,-6,0
42.4,-5.9,0
42.4,-5.8,0
42.4,-5.7,0
42.4,-5.6,0
42.4,-5.5,0
42.4,-5.4,0
42.4,-5.3,0
42.4,-5.2,0
42.4,-5.1,0
42.4,-5,0
42.4,-4.9,0
42.4,-4.8,0
42.4,-4.7,0
42.4,-4.6,0
42.4,-4.5,0
42.4,-4.4,0
42.4,-4.3,0
42.4,-4.2,0
42.4,-4.1,0
42.4,-4,0
42.4,-3.9,0
42.4,-3.8,0
42.4,-3.7,0
42.4,-3.6,0
42.4,-3.5,0
42.4,-3.4,0
42.4,-3.3,0
42.4,-3.2,0
42.4,-3.1,0
42.4,-3,0
42.4,-2.9,0
42.4,-2.8,0
42.4,-2.7,0
42.4,-2.6,0
42.4,-2.5,0
42.4,-2.4,0
42.4,-2.3,0
42.4,-2.2,0
42.4,-2.1,0
42.4,-2,0
42.4,-1.9,0
42.4,-1.8,0
42.4,-1.7,0
42.4,-1.6,0
42.4,-1.5,0
42.4,-1.4,0
42.4,-1.3,0
42.4,-1.2,0
42.4,-1.1,0
42.4,-1,0
42.4,-0.9,0
42.4,-0.8,0
42.4,-0.7,0
42.4,-0.6,0
42.4,-0.5,0
42.4,-0.4,0
42.4,-0.3,0
42.4,-0.2,0
42.4,-0.1,0
42.4,0,0
42.4,0.1,0
42.4,0.2,0
42.4,0.3,0
42.4,0.4,0
42.4,0.5,0
42.4,0.6,0
42.4,0.7,0
42.4,0.8,0
42.4,0.9,0
42.4,1,0
42.4,1.1,0
42.4,1.2,0
42.4,1.3,0
42.4,1.4,0
42.4,1.5,0
42.4,1.6,0
42.4,1.7,0
42.4,1.8,0
42.4,1.9,0
42.4,2,0
42.4,2.1,0
42.4,2.2,0
42.4,2.3,0
42.4,2.4,0
42.4,2.5,0
42.4,2.6,0
42.4,2.7,0
42.4,2.8,0
42.4,2.9,0
42.4,3,0
42.4,3.1,0
42.4,3.2,0
42.4,3.3,0
42.4,3.4,0
42.3,-9,0
42.3,-8.9,0
42.3,-8.8,0
42.3,-8.7,0
42.3,-8.6,0
42.3,-8.5,0
42.3,-8.4,0
42.3,-8.3,0
42.3,-8.2,0
42.3,-8.1,0
42.3,-8,0
42.3,-7.9,0
42.3,-7.8,0
42.3,-7.7,0
42.3,-7.6,0
42.3,-7.5,0
42.3,-7.4,0
42.3,-7.3,0
42.3,-7.2,0
42.3,-7.1,0
42.3,-7,0
42.3,-6.9,0
42.3,-6.8,0
42.3,-6.7,0
42.3,-6.6,0
42.3,-6.5,0
42.3,-6.4,0
42.3,-6.3,0
42.3,-6.2,0
42.3,-6.1,0
42.3,-6,0
42.3,-5.9,0
42.3,-5.8,0
42.3,-5.7,0
42.3,-5.6,0
42.3,-5.5,0
42.3,-5.4,0
42.3,-5.3,0
42.3,-5.2,0
42.3,-5.1,0
42.3,-5,0
42.3,-4.9,0
42.3,-4.8,0
42.3,-4.7,0
42.3,-4.6,0
42.3,-4.5,0
42.3,-4.4,0
42.3,-4.3,0
42.3,-4.2,0
42.3,-4.1,0
42.3,-4,0
42.3,-3.9,0
42.3,-3.8,0
42.3,-3.7,0
42.3,-3.6,0
42.3,-3.5,0
42.3,-3.4,0
42.3,-3.3,0
42.3,-3.2,0
42.3,-3.1,0
42.3,-3,0
42.3,-2.9,0
42.3,-2.8,0
42.3,-2.7,0
42.3,-2.6,0
42.3,-2.5,0
42.3,-2.4,0
42.3,-2.3,0
42.3,-2.2,0
42.3,-2.1,0
42.3,-2,0
42.3,-1.9,0
42.3,-1.8,0
42.3,-1.7,0
42.3,-1.6,0
42.3,-1.5,0
42.3,-1.4,0
42.3,-1.3,0
42.3,-1.2,0
42.3,-1.1,0
42.3,-1,0
42.3,-0.9,0
42.3,-0.8,0
42.3,-0.7,0
42.3,-0.6,0
42.3,-0.5,0
42.3,-0.4,0
42.3,-0.3,0
42.3,-0.2,0
42.3,-0.1,0
42.3,0,0
42.3,0.1,0
42.3,0.2,0
42.3,0.3,0
42.3,0.4,0
42.3,0.5,0
42.3,0.6,0
42.3,0.7,0
42.3,0.8,0
42.3,0.9,0
42.3,1,0
42.3,1.1,0
42.3,1.2,0
42.3,1.3,0
42.3,1.4,0
42.3,1.5,0
42.3,1.6,0
42.3,1.7,0
42.3,1.8,0
42.3,1.9,0
42.3,2,0
42.3,2.1,0
42.3,2.2,0
42.3,2.3,0
42.3,2.4,0
42.3,2.5,0
42.3,2.6,0
42.3,2.7,0
42.3,2.8,0
42.3,2.9,0
42.3,3,0
42.3,3.1,0
42.3,3.2,0
42.3,3.3,0
42.3,3.4,0
42.2,-9,0
42.2,-8.9,0
42.2,-8.8,0
42.2,-8.7,0
42.2,-8.6,0
42.2,-8.5,0
42.2,-8.4,0
42.2,-8.3,0
42.2,-8.2,0
42.2,-8.1,0
42.2,-8,0
42.2,-7.9,0
42.2,-7.8,0
42.2,-7.7,0
42.2,-7.6,0
42.2,-7.5,0
42.2,-7.4,0
42.2,-7.3,0
42.2,-7.2,0
42.2,-7.1,0
42.2,-7,0
42.2,-6.9,0
42.2,-6.8,0
42.2,-6.7,0
42.2,-6.6,0
42.2,-6.5,0
42.2,-6.4,0
42.2,-6.3,0
42.2,-6.2,0
42.2,-6.1,0
42.2,-6,0
42.2,-5.9,0
42.2,-5.8,0
42.2,-5.7,0
42.2,-5.6,0
42.2,-5.5,0
42.2,-5.4,0
42.2,-5.3,0
42.2,-5.2,0
42.2,-5.1,0
42.2,-5,0
42.2,-4.9,0
42.2,-4.8,0
42.2,-4.7,0
42.2,-4.6,0
42.2,-4.5,0
42.2,-4.4,0
42.2,-4.3,0
42.2,-4.2,0
42.2,-4.1,0
42.2,-4,0
42.2,-3.9,0
42.2,-3.8,0
42.2,-3.7,0
42.2,-3.6,0
42.2,-3.5,0
42.2,-3.4,0
42.2,-3.3,0
42.2,-3.2,0
42.2,-3.1,0
42.2,-3,0
42.2,-2.9,0
42.2,-2.8,0
42.2,-2.7,0
42.2,-2.6,0
42.2,-2.5,0
42.2,-2.4,0
42.2,-2.3,0
42.2,-2.2,0
42.2,-2.1,0
42.2,-2,0
42.2,-1.9,0
42.2,-1.8,0
42.2,-1.7,0
42.2,-1.6,0
42.2,-1.5,0
42.2,-1.4,0
42.2,-1.3,0
42.2,-1.2,0
42.2,-1.1,0
42.2,-1,0
42.2,-0.9,0
42.2,-0.8,0
42.2,-0.7,0
42.2,-0.6,0
42.2,-0.5,0
42.2,-0.4,0
42.2,-0.3,0
42.2,-0.2,0
42.2,-0.1,0
42.2,0,0
42.2,0.1,0
42.2,0.2,0
42.2,0.3,0
42.2,0.4,0
42.2,0.5,0
42.2,0.6,0
42.2,0.7,0
42.2,0.8,0
42.2,0.9,0
42.2,1,0
42.2,1.1,0
42.2,1.2,0
42.2,1.3,0
42.2,1.4,0
42.2,1.5,0
42.2,1.6,0
42.2,1.7,0
42.2,1.8,0
42.2,1.9,0
42.2,2,0
42.2,2.1,0
42.2,2.2,0
42.2,2.3,0
42.2,2.4,0
42.2,2.5,0
42.2,2.6,0
42.2,2.7,0
42.2,2.8,0
42.2,2.9,0
42.2,3,0
42.2,3.1,0
42.2,3.2,0
42.2,3.3,0
42.1,-9,0
42.1,-8.9,0
42.1,-8.8,0
42.1,-8.7,0
42.1,-8.6,0
42.1,-8.5,0
42.1,-8.4,0
42.1,-8.3,0
42.1,-8.2,0
42.1,-8.1,0
42.1,-8,0
42.1,-7.9,0
42.1,-7.8,0
42.1,-7.7,0
42.1,-7.6,0
42.1,-7.5,0
42.1,-7.4,0
42.1,-7.3,0
42.1,-7.2,0
42.1,-7.1,0
42.1,-7,0
42.1,-6.9,0
42.1,-6.8,0
42.1,-6.7,0
42.1,-6.6,0
42.1,-6.5,0
42.1,-6.4,0
42.1,-6.3,0
42.1,-6.2,0
42.1,-6.1,0
42.1,-6,0
42.1,-5.9,0
42.1,-5.8,0
42.1,-5.7,0
42.1,-5.6,0
42.1,-5.5,0
42.1,-5.4,0
42.1,-5.3,0
42.1,-5.2,0
42.1,-5.1,0
42.1,-5,0
42.1,-4.9,0
42.1,-4.8,0
42.1,-4.7,0
42.1,-4.6,0
42.1,-4.5,0
42.1,-4.4,0
42.1,-4.3,0
42.1,-4.2,0
42.1,-4.1,0
42.1,-4,0
42.1,-3.9,0
42.1,-3.8,0
42.1,-3.7,0
42.1,-3.6,0
42.1,-3.5,0
42.1,-3.4,0
42.1,-3.3,0
42.1,-3.2,0
42.1,-3.1,0
42.1,-3,0
42.1,-2.9,0
42.1,-2.8,0
42.1,-2.7,0
42.1,-2.6,0
42.1,-2.5,0
42.1,-2.4,0
42.1,-2.3,0
42.1,-2.2,0
42.1,-2.1,0
42.1,-2,0
42.1,-1.9,0
42.1,-1.8,0
42.1,-1.7,0
42.1,-1.6,0
42.1,-1.5,0
42.1,-1.4,0
42.1,-1.3,0
42.1,-1.2,0
42.1,-1.1,0
42.1,-1,0
42.1,-0.9,0
42.1,-0.8,0
42.1,-0.7,0
42.1,-0.6,0
42.1,-0.5,0
42.1,-0.4,0
42.1,-0.3,0
42.1,-0.2,0
42.1,-0.1,0
42.1,0,0
42.1,0.1,0
42.1,0.2,0
42.1,0.3,0
42.1,0.4,0
42.1,0.5,0
42.1,0.6,0
42.1,0.7,0
42.1,0.8,0
42.1,0.9,0
42.1,1,0
42.1,1.1,0
42.1,1.2,0
42.1,1.3,0
42.1,1.4,0
42.1,1.5,0
42.1,1.6,0
42.1,1.7,0
42.1,1.8,0
42.1,1.9,0
42.1,2,0
42.1,2.1,0
42.1,2.2,0
42.1,2.3,0
42.1,2.4,0
42.1,2.5,0
42.1,2.6,0
42.1,2.7,0
42.1,2.8,0
42.1,2.9,0
42.1,3,0
42.1,3.1,0
42.1,3.2,0
42.1,3.3,0
42,-8.9,0
42,-8.8,0
42,-8.7,0
42,-8.6,0
42,-8.5,0
42,-8.4,0
42,-8.3,0
42,-8.2,0
42,-8.1,0
42,-8,0
42,-7.9,0
42,-7.8,0
42,-7.7,0
42,-7.6,0
42,-7.5,0
42,-7.4,0
42,-7.3,0
42,-7.2,0
42,-7.1,0
42,-7,0
42,-6.9,0
42,-6.8,0
42,-6.7,0
42,-6.6,0
42,-6.5,0
42,-6.4,0
42,-6.3,0
42,-6.2,0
42,-6.1,0
42,-6,0
42,-5.9,0
42,-5.8,0
42,-5.7,0
42,-5.6,0
42,-5.5,0
42,-5.4,0
42,-5.3,0
42,-5.2,0
42,-5.1,0
42,-5,0
42,-4.9,0
42,-4.8,0
42,-4.7,0
42,-4.6,0
42,-4.5,0
42,-4.4,0
42,-4.3,0
42,-4.2,0
42,-4.1,0
42,-4,0
42,-3.9,0
42,-3.8,0
42,-3.7,0
42,-3.6,0
42,-3.5,0
42,-3.4,0
42,-3.3,0
42,-3.2,0
42,-3.1,0
42,-3,0
42,-2.9,0
42,-2.8,0
42,-2.7,0
42,-2.6,0
42,-2.5,0
42,-2.4,0
42,-2.3,0
42,-2.2,0
42,-2.1,0
42,-2,0
42,-1.9,0
42,-1.8,0
42,-1.7,0
42,-1.6,0
42,-1.5,0
42,-1.4,0
42,-1.3,0
42,-1.2,0
42,-1.1,0
42,-1,0
42,-0.9,0
42,-0.8,0
42,-0.7,0
42,-0.6,0
42,-0.5,0
42,-0.4,0
42,-0.3,0
42,-0.2,0
42,-0.1,0
42,0,0
42,0.1,0
42,0.2,0
42,0.3,0
42,0.4,0
42,0.5,0
42,0.6,0
42,0.7,0
42,0.8,0
42,0.9,0
42,1,0
42,1.1,0
42,1.2,0
42,1.3,0
42,1.4,0
42,1.5,0
42,1.6,0
42,1.7,0
42,1.8,0
42,1.9,0
42,2,0
42,2.1,0
42,2.2,0
42,2.3,0
42,2.4,0
42,2.5,0
42,2.6,0
42,2.7,0
42,2.8,0
42,2.9,0
42,3,0
42,3.1,0
42,3.2,0
42,3.3,0
41.9,-8.9,0
41.9,-8.8,0
41.9,-8.7,0
41.9,-8.6,0
41.9,-8.5,0
41.9,-8.4,0
41.9,-8.3,0
41.9,-8.2,0
41.9,-8.1,0
41.9,-8,0
41.9,-7.9,0
41.9,-7.8,0
41.9,-7.7,0
41.9,-7.6,0
41.9,-7.5,0
41.9,-7.4,0
41.9,-7.3,0
41.9,-7.2,0
41.9,-7.1,0
41.9,-7,0
41.9,-6.9,0
41.9,-6.8,0
41.9,-6.7,0
41.9,-6.6,0
41.9,-6.5,0
41.9,-6.4,0
41.9,-6.3,0
41.9,-6.2,0
41.9,-6.1,0
41.9,-6,0
41.9,-5.9,0
41.9,-5.8,0
41.9,-5.7,0
41.9,-5.6,0
41.9,-5.5,0
41.9,-5.4,0
41.9,-5.3,0
41.9,-5.2,0
41.9,-5.1,0
41.9,-5,0
41.9,-4.9,0
41.9,-4.8,0
41.9,-4.7,0
41.9,-4.6,0
41.9,-4.5,0
41.9,-4.4,0
41.9,-4.3,0
41.9,-4.2,0
41.9,-4.1,0
41.9,-4,0
41.9,-3.9,0
41.9,-3.8,0
41.9,-3.7,0
41.9,-3.6,0
41.9,-3.5,0
41.9,-3.4,0
41.9,-3.3,0
41.9,-3.2,0
41.9,-3.1,0
41.9,-3,0
41.9,-2.9,0
41.9,-2.8,0
41.9,-2.7,0
41.9,-2.6,0
41.9,-2.5,0
41.9,-2.4,0
41.9,-2.3,0
41.9,-2.2,0
41.9,-2.1,0
41.9,-2,0
41.9,-1.9,0
41.9,-1.8,0
41.9,-1.7,0
41.9,-1.6,0
41.9,-1.5,0
41.9,-1.4,0
41.9,-1.3,0
41.9,-1.2,0
41.9,-1.1,0
41.9,-1,0
41.9,-0.9,0
41.9,-0.8,0
41.9,-0.7,0
41.9,-0.6,0
41.9,-0.5,0
41.9,-0.4,0
41.9,-0.3,0
41.9,-0.2,0
41.9,-0.1,0
41.9,0,0
41.9,0.1,0
41.9,0.2,0
41.9,0.3,0
41.9,0.4,0
41.9,0.5,0
41.9,0.6,0
41.9,0.7,0
41.9,0.8,0
41.9,0.9,0
41.9,1,0
41.9,1.1,0
41.9,1.2,0
41.9,1.3,0
41.9,1.4,0
41.9,1.5,0
41.9,1.6,0
41.9,1.7,0
41.9,1.8,0
41.9,1.9,0
41.9,2,0
41.9,2.1,0
41.9,2.2,0
41.9,2.3,0
41.9,2.4,0
41.9,2.5,0
41.9,2.6,0
41.9,2.7,0
41.9,2.8,0
41.9,2.9,0
41.9,3,0
41.9,3.1,0
41.9,3.2,0
41.9,3.3,0
41.8,-8.9,0
41.8,-8.8,0
41.8,-8.7,0
41.8,-8.6,0
41.8,-8.5,0
41.8,-8.4,0
41.8,-8.3,0
41.8,-8.2,0
41.8,-8.1,0
41.8,-8,0
41.8,-7.9,0
41.8,-7.8,0
41.8,-7.7,0
41.8,-7.6,0
41.8,-7.5,0
41.8,-7.4,0
41.8,-7.3,0
41.8,-7.2,0
41.8,-7.1,0
41.8,-7,0
41.8,-6.9,0
41.8,-6.8,0
41.8,-6.7,0
41.8,-6.6,0
41.8,-6.5,0
41.8,-6.4,0
41.8,-6.3,0
41.8,-6.2,0
41.8,-6.1,0
41.8,-6,0
41.8,-5.9,0
41.8,-5.8,0
41.8,-5.7,0
41.8,-5.6,0
41.8,-5.5,0
41.8,-5.4,0
41.8,-5.3,0
41.8,-5.2,0
41.8,-5.1,0
41.8,-5,0
41.8,-4.9,0
41.8,-4.8,0
41.8,-4.7,0
41.8,-4.6,0
41.8,-4.5,0
41.8,-4.4,0
41.8,-4.3,0
41.8,-4.2,0
41.8,-4.1,0
41.8,-4,0
41.8,-3.9,0
41.8,-3.8,0
41.8,-3.7,0
41.8,-3.6,0
41.8,-3.5,0
41.8,-3.4,0
41.8,-3.3,0
41.8,-3.2,0
41.8,-3.1,0
41.8,-3,0
41.8,-2.9,0
41.8,-2.8,0
41.8,-2.7,0
41.8,-2.6,0
41.8,-2.5,0
41.8,-2.4,0
41.8,-2.3,0
41.8,-2.2,0
41.8,-2.1,0
41.8,-2,0
41.8,-1.9,0
41.8,-1.8,0
41.8,-1.7,0
41.8,-1.6,0
41.8,-1.5,0
41.8,-1.4,0
41.8,-1.3,0
41.8,-1.2,0
41.8,-1.1,0
41.8,-1,0
41.8,-0.9,0
41.8,-0.8,0
41.8,-0.7,0
41.8,-0.6,0
41.8,-0.5,0
41.8,-0.4,0
41.8,-0.3,0
41.8,-0.2,0
41.8,-0.1,0
41.8,0,0
41.8,0.1,0
41.8,0.2,0
41.8,0.3,0
41.8,0.4,0
41.8,0.5,0
41.8,0.6,0
41.8,0.7,0
41.8,0.8,0
41.8,0.9,0
41.8,1,0
41.8,1.1,0
41.8,1.2,0
41.8,1.3,0
41.8,1.4,0
41.8,1.5,0
41.8,1.6,0
41.8,1.7,0
41.8,1.8,0
41.8,1.9,0
41.8,2,0
41.8,2.1,0
41.8,2.2,0
41.8,2.3,0
41.8,2.4,0
41.8,2.5,0
41.8,2.6,0
41.8,2.7,0
41.8,2.8,0
41.8,2.9,0
41.8,3,0
41.8,3.1,0
41.7,-8.9,0
41.7,-8.8,0
41.7,-8.7,0
41.7,-8.6,0
41.7,-8.5,0
41.7,-8.4,0
41.7,-8.3,0
41.7,-8.2,0
41.7,-8.1,0
41.7,-8,0
41.7,-7.9,0
41.7,-7.8,0
41.7,-7.7,0
41.7,-7.6,0
41.7,-7.5,0
41.7,-7.4,0
41.7,-7.3,0
41.7,-7.2,0
41.7,-7.1,0
41.7,-7,0
41.7,-6.9,0
41.7,-6.8,0
41.7,-6.7,0
41.7,-6.6,0
41.7,-6.5,0
41.7,-6.4,0
41.7,-6.3,0
41.7,-6.2,0
41.7,-6.1,0
41.7,-6,0
41.7,-5.9,0
41.7,-5.8,0
41.7,-5.7,0
41.7,-5.6,0
41.7,-5.5,0
41.7,-5.4,0
41.7,-5.3,0
41.7,-5.2,0
41.7,-5.1,0
41.7,-5,0
41.7,-4.9,0
41.7,-4.8,0
41.7,-4.7,0
41.7,-4.6,0
41.7,-4.5,0
41.7,-4.4,0
41.7,-4.3,0
41.7,-4.2,0
41.7,-4.1,0
41.7,-4,0
41.7,-3.9,0
41.7,-3.8,0
41.7,-3.7,0
41.7,-3.6,0
41.7,-3.5,0
41.7,-3.4,0
41.7,-3.3,0
41.7,-3.2,0
41.7,-3.1,0
41.7,-3,0
41.7,-2.9,0
41.7,-2.8,0
41.7,-2.7,0
41.7,-2.6,0
41.7,-2.5,0
41.7,-2.4,0
41.7,-2.3,0
41.7,-2.2,0
41.7,-2.1,0
41.7,-2,0
41.7,-1.9,0
41.7,-1.8,0
41.7,-1.7,0
41.7,-1.6,0
41.7,-1.5,0
41.7,-1.4,0
41.7,-1.3,0
41.7,-1.2,0
41.7,-1.1,0
41.7,-1,0
41.7,-0.9,0
41.7,-0.8,0
41.7,-0.7,0
41.7,-0.6,0
41.7,-0.5,0
41.7,-0.4,0
41.7,-0.3,0
41.7,-0.2,0
41.7,-0.1,0
41.7,0,0
41.7,0.1,0
41.7,0.2,0
41.7,0.3,0
41.7,0.4,0
41.7,0.5,0
41.7,0.6,0
41.7,0.7,0
41.7,0.8,0
41.7,0.9,0
41.7,1,0
41.7,1.1,0
41.7,1.2,0
41.7,1.3,0
41.7,1.4,0
41.7,1.5,0
41.7,1.6,0
41.7,1.7,0
41.7,1.8,0
41.7,1.9,0
41.7,2,0
41.7,2.1,0
41.7,2.2,0
41.7,2.3,0
41.7,2.4,0
41.7,2.5,0
41.7,2.6,0
41.7,2.7,0
41.7,2.8,0
41.7,2.9,0
41.6,-8.9,0
41.6,-8.8,0
41.6,-8.7,0
41.6,-8.6,0
41.6,-8.5,0
41.6,-8.4,0
41.6,-8.3,0
41.6,-8.2,0
41.6,-8.1,0
41.6,-8,0
41.6,-7.9,0
41.6,-7.8,0
41.6,-7.7,0
41.6,-7.6,0
41.6,-7.5,0
41.6,-7.4,0
41.6,-7.3,0
41.6,-7.2,0
41.6,-7.1,0
41.6,-7,0
41.6,-6.9,0
41.6,-6.8,0
41.6,-6.7,0
41.6,-6.6,0
41.6,-6.5,0
41.6,-6.4,0
41.6,-6.3,0
41.6,-6.2,0
41.6,-6.1,0
41.6,-6,0
41.6,-5.9,0
41.6,-5.8,0
41.6,-5.7,0
41.6,-5.6,0
41.6,-5.5,0
41.6,-5.4,0
41.6,-5.3,0
41.6,-5.2,0
41.6,-5.1,0
41.6,-5,0
41.6,-4.9,0
41.6,-4.8,0
41.6,-4.7,0
41.6,-4.6,0
41.6,-4.5,0
41.6,-4.4,0
41.6,-4.3,0
41.6,-4.2,0
41.6,-4.1,0
41.6,-4,0
41.6,-3.9,0
41.6,-3.8,0
41.6,-3.7,0
41.6,-3.6,0
41.6,-3.5,0
41.6,-3.4,0
41.6,-3.3,0
41.6,-3.2,0
41.6,-3.1,0
41.6,-3,0
41.6,-2.9,0
41.6,-2.8,0
41.6,-2.7,0
41.6,-2.6,0
41.6,-2.5,0
41.6,-2.4,0
41.6,-2.3,0
41.6,-2.2,0
41.6,-2.1,0
41.6,-2,0
41.6,-1.9,0
41.6,-1.8,0
41.6,-1.7,0
41.6,-1.6,0
41.6,-1.5,0
41.6,-1.4,0
41.6,-1.3,0
41.6,-1.2,0
41.6,-1.1,0
41.6,-1,0
41.6,-0.9,0
41.6,-0.8,0
41.6,-0.7,0
41.6,-0.6,0
41.6,-0.5,0
41.6,-0.4,0
41.6,-0.3,0
41.6,-0.2,0
41.6,-0.1,0
41.6,0,0
41.6,0.1,0
41.6,0.2,0
41.6,0.3,0
41.6,0.4,0
41.6,0.5,0
41.6,0.6,0
41.6,0.7,0
41.6,0.8,0
41.6,0.9,0
41.6,1,0
41.6,1.1,0
41.6,1.2,0
41.6,1.3,0
41.6,1.4,0
41.6,1.5,0
41.6,1.6,0
41.6,1.7,0
41.6,1.8,0
41.6,1.9,0
41.6,2,0
41.6,2.1,0
41.6,2.2,0
41.6,2.3,0
41.6,2.4,0
41.6,2.5,0
41.6,2.6,0
41.6,2.7,0
41.5,-8.8,0
41.5,-8.7,0
41.5,-8.6,0
41.5,-8.5,0
41.5,-8.4,0
41.5,-8.3,0
41.5,-8.2,0
41.5,-8.1,0
41.5,-8,0
41.5,-7.9,0
41.5,-7.8,0
41.5,-7.7,0
41.5,-7.6,0
41.5,-7.5,0
41.5,-7.4,0
41.5,-7.3,0
41.5,-7.2,0
41.5,-7.1,0
41.5,-7,0
41.5,-6.9,0
41.5,-6.8,0
41.5,-6.7,0
41.5,-6.6,0
41.5,-6.5,0
41.5,-6.4,0
41.5,-6.3,0
41.5,-6.2,0
41.5,-6.1,0
41.5,-6,0
41.5,-5.9,0
41.5,-5.8,0
41.5,-5.7,0
41.5,-5.6,0
41.5,-5.5,0
41.5,-5.4,0
41.5,-5.3,0
41.5,-5.2,0
41.5,-5.1,0
41.5,-5,0
41.5,-4.9,0
41.5,-4.8,0
41.5,-4.7,0
41.5,-4.6,0
41.5,-4.5,0
41.5,-4.4,0
41.5,-4.3,0
41.5,-4.2,0
41.5,-4.1,0
41.5,-4,0
41.5,-3.9,0
41.5,-3.8,0
41.5,-3.7,0
41.5,-3.6,0
41.5,-3.5,0
41.5,-3.4,0
41.5,-3.3,0
41.5,-3.2,0
41.5,-3.1,0
41.5,-3,0
41.5,-2.9,0
41.5,-2.8,0
41.5,-2.7,0
41.5,-2.6,0
41.5,-2.5,0
41.5,-2.4,0
41.5,-2.3,0
41.5,-2.2,0
41.5,-2.1,0
41.5,-2,0
41.5,-1.9,0
41.5,-1.8,0
41.5,-1.7,0
41.5,-1.6,0
41.5,-1.5,0
41.5,-1.4,0
41.5,-1.3,0
41.5,-1.2,0
41.5,-1.1,0
41.5,-1,0
41.5,-0.9,0
41.5,-0.8,0
41.5,-0.7,0
41.5,-0.6,0
41.5,-0.5,0
41.5,-0.4,0
41.5,-0.3,0
41.5,-0.2,0
41.5,-0.1,0
41.5,0,0
41.5,0.1,0
41.5,0.2,0
41.5,0.3,0
41.5,0.4,0
41.5,0.5,0
41.5,0.6,0
41.5,0.7,0
41.5,0.8,0
41.5,0.9,0
41.5,1,0
41.5,1.1,0
41.5,1.2,0
41.5,1.3,0
41.5,1.4,0
41.5,1.5,0
41.5,1.6,0
41.5,1.7,0
41.5,1.8,0
41.5,1.9,0
41.5,2,0
41.5,2.1,0
41.5,2.2,0
41.5,2.3,0
41.5,2.4,0
41.4,-8.8,0
41.4,-8.7,0
41.4,-8.6,0
41.4,-8.5,0
41.4,-8.4,0
41.4,-8.3,0
41.4,-8.2,0
41.4,-8.1,0
41.4,-8,0
41.4,-7.9,0
41.4,-7.8,0
41.4,-7.7,0
41.4,-7.6,0
41.4,-7.5,0
41.4,-7.4,0
41.4,-7.3,0
41.4,-7.2,0
41.4,-7.1,0
41.4,-7,0
41.4,-6.9,0
41.4,-6.8,0
41.4,-6.7,0
41.4,-6.6,0
41.4,-6.5,0
41.4,-6.4,0
41.4,-6.3,0
41.4,-6.2,0
41.4,-6.1,0
41.4,-6,0
41.4,-5.9,0
41.4,-5.8,0
41.4,-5.7,0
41.4,-5.6,0
41.4,-5.5,0
41.4,-5.4,0
41.4,-5.3,0
41.4,-5.2,0
41.4,-5.1,0
41.4,-5,0
41.4,-4.9,0
41.4,-4.8,0
41.4,-4.7,0
41.4,-4.6,0
41.4,-4.5,0
41.4,-4.4,0
41.4,-4.3,0
41.4,-4.2,0
41.4,-4.1,0
41.4,-4,0
41.4,-3.9,0
41.4,-3.8,0
41.4,-3.7,0
41.4,-3.6,0
41.4,-3.5,0
41.4,-3.4,0
41.4,-3.3,0
41.4,-3.2,0
41.4,-3.1,0
41.4,-3,0
41.4,-2.9,0
41.4,-2.8,0
41.4,-2.7,0
41.4,-2.6,0
41.4,-2.5,0
41.4,-2.4,0
41.4,-2.3,0
41.4,-2.2,0
41.4,-2.1,0
41.4,-2,0
41.4,-1.9,0
41.4,-1.8,0
41.4,-1.7,0
41.4,-1.6,0
41.4,-1.5,0
41.4,-1.4,0
41.4,-1.3,0
41.4,-1.2,0
41.4,-1.1,0
41.4,-1,0
41.4,-0.9,0
41.4,-0.8,0
41.4,-0.7,0
41.4,-0.6,0
41.4,-0.5,0
41.4,-0.4,0
41.4,-0.3,0
41.4,-0.2,0
41.4,-0.1,0
41.4,0,0
41.4,0.1,0
41.4,0.2,0
41.4,0.3,0
41.4,0.4,0
41.4,0.5,0
41.4,0.6,0
41.4,0.7,0
41.4,0.8,0
41.4,0.9,0
41.4,1,0
41.4,1.1,0
41.4,1.2,0
41.4,1.3,0
41.4,1.4,0
41.4,1.5,0
41.4,1.6,0
41.4,1.7,0
41.4,1.8,0
41.4,1.9,0
41.4,2,0
41.4,2.1,0
41.4,2.2,0
41.4,2.3,0
41.3,-8.8,0
41.3,-8.7,0
41.3,-8.6,0
41.3,-8.5,0
41.3,-8.4,0
41.3,-8.3,0
41.3,-8.2,0
41.3,-8.1,0
41.3,-8,0
41.3,-7.9,0
41.3,-7.8,0
41.3,-7.7,0
41.3,-7.6,0
41.3,-7.5,0
41.3,-7.4,0
41.3,-7.3,0
41.3,-7.2,0
41.3,-7.1,0
41.3,-7,0
41.3,-6.9,0
41.3,-6.8,0
41.3,-6.7,0
41.3,-6.6,0
41.3,-6.5,0
41.3,-6.4,0
41.3,-6.3,0
41.3,-6.2,0
41.3,-6.1,0
41.3,-6,0
41.3,-5.9,0
41.3,-5.8,0
41.3,-5.7,0
41.3,-5.6,0
41.3,-5.5,0
41.3,-5.4,0
41.3,-5.3,0
41.3,-5.2,0
41.3,-5.1,0
41.3,-5,0
41.3,-4.9,0
41.3,-4.8,0
41.3,-4.7,0
41.3,-4.6,0
41.3,-4.5,0
41.3,-4.4,0
41.3,-4.3,0
41.3,-4.2,0
41.3,-4.1,0
41.3,-4,0
41.3,-3.9,0
41.3,-3.8,0
41.3,-3.7,0
41.3,-3.6,0
41.3,-3.5,0
41.3,-3.4,0
41.3,-3.3,0
41.3,-3.2,0
41.3,-3.1,0
41.3,-3,0
41.3,-2.9,0
41.3,-2.8,0
41.3,-2.7,0
41.3,-2.6,0
41.3,-2.5,0
41.3,-2.4,0
41.3,-2.3,0
41.3,-2.2,0
41.3,-2.1,0
41.3,-2,0
41.3,-1.9,0
41.3,-1.8,0
41.3,-1.7,0
41.3,-1.6,0
41.3,-1.5,0
41.3,-1.4,0
41.3,-1.3,0
41.3,-1.2,0
41.3,-1.1,0
41.3,-1,0
41.3,-0.9,0
41.3,-0.8,0
41.3,-0.7,0
41.3,-0.6,0
41.3,-0.5,0
41.3,-0.4,0
41.3,-0.3,0
41.3,-0.2,0
41.3,-0.1,0
41.3,0,0
41.3,0.1,0
41.3,0.2,0
41.3,0.3,0
41.3,0.4,0
41.3,0.5,0
41.3,0.6,0
41.3,0.7,0
41.3,0.8,0
41.3,0.9,0
41.3,1,0
41.3,1.1,0
41.3,1.2,0
41.3,1.3,0
41.3,1.4,0
41.3,1.5,0
41.3,1.6,0
41.3,1.7,0
41.3,1.8,0
41.3,1.9,0
41.3,2,0
41.3,2.1,0
41.3,2.2,0
41.2,-8.8,0
41.2,-8.7,0
41.2,-8.6,0
41.2,-8.5,0
41.2,-8.4,0
41.2,-8.3,0
41.2,-8.2,0
41.2,-8.1,0
41.2,-8,0
41.2,-7.9,0
41.2,-7.8,0
41.2,-7.7,0
41.2,-7.6,0
41.2,-7.5,0
41.2,-7.4,0
41.2,-7.3,0
41.2,-7.2,0
41.2,-7.1,0
41.2,-7,0
41.2,-6.9,0
41.2,-6.8,0
41.2,-6.7,0
41.2,-6.6,0
41.2,-6.5,0
41.2,-6.4,0
41.2,-6.3,0
41.2,-6.2,0
41.2,-6.1,0
41.2,-6,0
41.2,-5.9,0
41.2,-5.8,0
41.2,-5.7,0
41.2,-5.6,0
41.2,-5.5,0
41.2,-5.4,0
41.2,-5.3,0
41.2,-5.2,0
41.2,-5.1,0
41.2,-5,0
41.2,-4.9,0
41.2,-4.8,0
41.2,-4.7,0
41.2,-4.6,0
41.2,-4.5,0
41.2,-4.4,0
41.2,-4.3,0
41.2,-4.2,0
41.2,-4.1,0
41.2,-4,0
41.2,-3.9,0
41.2,-3.8,0
41.2,-3.7,0
41.2,-3.6,0
41.2,-3.5,0
41.2,-3.4,0
41.2,-3.3,0
41.2,-3.2,0
41.2,-3.1,0
41.2,-3,0
41.2,-2.9,0
41.2,-2.8,0
41.2,-2.7,0
41.2,-2.6,0
41.2,-2.5,0
41.2,-2.4,0
41.2,-2.3,0
41.2,-2.2,0
41.2,-2.1,0
41.2,-2,0
41.2,-1.9,0
41.2,-1.8,0
41.2,-1.7,0
41.2,-1.6,0
41.2,-1.5,0
41.2,-1.4,0
41.2,-1.3,0
41.2,-1.2,0
41.2,-1.1,0
41.2,-1,0
41.2,-0.9,0
41.2,-0.8,0
41.2,-0.7,0
41.2,-0.6,0
41.2,-0.5,0
41.2,-0.4,0
41.2,-0.3,0
41.2,-0.2,0
41.2,-0.1,0
41.2,0,0
41.2,0.1,0
41.2,0.2,0
41.2,0.3,0
41.2,0.4,0
41.2,0.5,0
41.2,0.6,0
41.2,0.7,0
41.2,0.8,0
41.2,0.9,0
41.2,1,0
41.2,1.1,0
41.2,1.2,0
41.2,1.3,0
41.2,1.4,0
41.2,1.5,0
41.2,1.6,0
41.2,1.7,0
41.1,-8.7,0
41.1,-8.6,0
41.1,-8.5,0
41.1,-8.4,0
41.1,-8.3,0
41.1,-8.2,0
41.1,-8.1,0
41.1,-8,0
41.1,-7.9,0
41.1,-7.8,0
41.1,-7.7,0
41.1,-7.6,0
41.1,-7.5,0
41.1,-7.4,0
41.1,-7.3,0
41.1,-7.2,0
41.1,-7.1,0
41.1,-7,0
41.1,-6.9,0
41.1,-6.8,0
41.1,-6.7,0
41.1,-6.6,0
41.1,-6.5,0
41.1,-6.4,0
41.1,-6.3,0
41.1,-6.2,0
41.1,-6.1,0
41.1,-6,0
41.1,-5.9,0
41.1,-5.8,0
41.1,-5.7,0
41.1,-5.6,0
41.1,-5.5,0
41.1,-5.4,0
41.1,-5.3,0
41.1,-5.2,0
41.1,-5.1,0
41.1,-5,0
41.1,-4.9,0
41.1,-4.8,0
41.1,-4.7,0
41.1,-4.6,0
41.1,-4.5,0
41.1,-4.4,0
41.1,-4.3,0
41.1,-4.2,0
41.1,-4.1,0
41.1,-4,0
41.1,-3.9,0
41.1,-3.8,0
41.1,-3.7,0
41.1,-3.6,0
41.1,-3.5,0
41.1,-3.4,0
41.1,-3.3,0
41.1,-3.2,0
41.1,-3.1,0
41.1,-3,0
41.1,-2.9,0
41.1,-2.8,0
41.1,-2.7,0
41.1,-2.6,0
41.1,-2.5,0
41.1,-2.4,0
41.1,-2.3,0
41.1,-2.2,0
41.1,-2.1,0
41.1,-2,0
41.1,-1.9,0
41.1,-1.8,0
41.1,-1.7,0
41.1,-1.6,0
41.1,-1.5,0
41.1,-1.4,0
41.1,-1.3,0
41.1,-1.2,0
41.1,-1.1,0
41.1,-1,0
41.1,-0.9,0
41.1,-0.8,0
41.1,-0.7,0
41.1,-0.6,0
41.1,-0.5,0
41.1,-0.4,0
41.1,-0.3,0
41.1,-0.2,0
41.1,-0.1,0
41.1,0,0
41.1,0.1,0
41.1,0.2,0
41.1,0.3,0
41.1,0.4,0
41.1,0.5,0
41.1,0.6,0
41.1,0.7,0
41.1,0.8,0
41.1,0.9,0
41.1,1,0
41.1,1.1,0
41.1,1.2,0
41.1,1.3,0
41,-8.7,0
41,-8.6,0
41,-8.5,0
41,-8.4,0
41,-8.3,0
41,-8.2,0
41,-8.1,0
41,-8,0
41,-7.9,0
41,-7.8,0
41,-7.7,0
41,-7.6,0
41,-7.5,0
41,-7.4,0
41,-7.3,0
41,-7.2,0
41,-7.1,0
41,-7,0
41,-6.9,0
41,-6.8,0
41,-6.7,0
41,-6.6,0
41,-6.5,0
41,-6.4,0
41,-6.3,0
41,-6.2,0
41,-6.1,0
41,-6,0
41,-5.9,0
41,-5.8,0
41,-5.7,0
41,-5.6,0
41,-5.5,0
41,-5.4,0
41,-5.3,0
41,-5.2,0
41,-5.1,0
41,-5,0
41,-4.9,0
41,-4.8,0
41,-4.7,0
41,-4.6,0
41,-4.5,0
41,-4.4,0
41,-4.3,0
41,-4.2,0
41,-4.1,0
41,-4,0
41,-3.9,0
41,-3.8,0
41,-3.7,0
41,-3.6,0
41,-3.5,0
41,-3.4,0
41,-3.3,0
41,-3.2,0
41,-3.1,0
41,-3,0
41,-2.9,0
41,-2.8,0
41,-2.7,0
41,-2.6,0
41,-2.5,0
41,-2.4,0
41,-2.3,0
41,-2.2,0
41,-2.1,0
41,-2,0
41,-1.9,0
41,-1.8,0
41,-1.7,0
41,-1.6,0
41,-1.5,0
41,-1.4,0
41,-1.3,0
41,-1.2,0
41,-1.1,0
41,-1,0
41,-0.9,0
41,-0.8,0
41,-0.7,0
41,-0.6,0
41,-0.5,0
41,-0.4,0
41,-0.3,0
41,-0.2,0
41,-0.1,0
41,0,0
41,0.1,0
41,0.2,0
41,0.3,0
41,0.4,0
41,0.5,0
41,0.6,0
41,0.7,0
41,0.8,0
41,0.9,0
41,1,0
40.9,-8.7,0
40.9,-8.6,0
40.9,-8.5,0
40.9,-8.4,0
40.9,-8.3,0
40.9,-8.2,0
40.9,-8.1,0
40.9,-8,0
40.9,-7.9,0
40.9,-7.8,0
40.9,-7.7,0
40.9,-7.6,0
40.9,-7.5,0
40.9,-7.4,0
40.9,-7.3,0
40.9,-7.2,0
40.9,-7.1,0
40.9,-7,0
40.9,-6.9,0
40.9,-6.8,0
40.9,-6.7,0
40.9,-6.6,0
40.9,-6.5,0
40.9,-6.4,0
40.9,-6.3,0
40.9,-6.2,0
40.9,-6.1,0
40.9,-6,0
40.9,-5.9,0
40.9,-5.8,0
40.9,-5.7,0
40.9,-5.6,0
40.9,-5.5,0
40.9,-5.4,0
40.9,-5.3,0
40.9,-5.2,0
40.9,-5.1,0
40.9,-5,0
40.9,-4.9,0
40.9,-4.8,0
40.9,-4.7,0
40.9,-4.6,0
40.9,-4.5,0
40.9,-4.4,0
40.9,-4.3,0
40.9,-4.2,0
40.9,-4.1,0
40.9,-4,0
40.9,-3.9,0
40.9,-3.8,0
40.9,-3.7,0
40.9,-3.6,0
40.9,-3.5,0
40.9,-3.4,0
40.9,-3.3,0
40.9,-3.2,0
40.9,-3.1,0
40.9,-3,0
40.9,-2.9,0
40.9,-2.8,0
40.9,-2.7,0
40.9,-2.6,0
40.9,-2.5,0
40.9,-2.4,0
40.9,-2.3,0
40.9,-2.2,0
40.9,-2.1,0
40.9,-2,0
40.9,-1.9,0
40.9,-1.8,0
40.9,-1.7,0
40.9,-1.6,0
40.9,-1.5,0
40.9,-1.4,0
40.9,-1.3,0
40.9,-1.2,0
40.9,-1.1,0
40.9,-1,0
40.9,-0.9,0
40.9,-0.8,0
40.9,-0.7,0
40.9,-0.6,0
40.9,-0.5,0
40.9,-0.4,0
40.9,-0.3,0
40.9,-0.2,0
40.9,-0.1,0
40.9,0,0
40.9,0.1,0
40.9,0.2,0
40.9,0.3,0
40.9,0.4,0
40.9,0.5,0
40.9,0.6,0
40.9,0.7,0
40.9,0.8,0
40.9,0.9,0
40.8,-8.8,0
40.8,-8.7,0
40.8,-8.6,0
40.8,-8.5,0
40.8,-8.4,0
40.8,-8.3,0
40.8,-8.2,0
40.8,-8.1,0
40.8,-8,0
40.8,-7.9,0
40.8,-7.8,0
40.8,-7.7,0
40.8,-7.6,0
40.8,-7.5,0
40.8,-7.4,0
40.8,-7.3,0
40.8,-7.2,0
40.8,-7.1,0
40.8,-7,0
40.8,-6.9,0
40.8,-6.8,0
40.8,-6.7,0
40.8,-6.6,0
40.8,-6.5,0
40.8,-6.4,0
40.8,-6.3,0
40.8,-6.2,0
40.8,-6.1,0
40.8,-6,0
40.8,-5.9,0
40.8,-5.8,0
40.8,-5.7,0
40.8,-5.6,0
40.8,-5.5,0
40.8,-5.4,0
40.8,-5.3,0
40.8,-5.2,0
40.8,-5.1,0
40.8,-5,0
40.8,-4.9,0
40.8,-4.8,0
40.8,-4.7,0
40.8,-4.6,0
40.8,-4.5,0
40.8,-4.4,0
40.8,-4.3,0
40.8,-4.2,0
40.8,-4.1,0
40.8,-4,0
40.8,-3.9,0
40.8,-3.8,0
40.8,-3.7,0
40.8,-3.6,0
40.8,-3.5,0
40.8,-3.4,0
40.8,-3.3,0
40.8,-3.2,0
40.8,-3.1,0
40.8,-3,0
40.8,-2.9,0
40.8,-2.8,0
40.8,-2.7,0
40.8,-2.6,0
40.8,-2.5,0
40.8,-2.4,0
40.8,-2.3,0
40.8,-2.2,0
40.8,-2.1,0
40.8,-2,0
40.8,-1.9,0
40.8,-1.8,0
40.8,-1.7,0
40.8,-1.6,0
40.8,-1.5,0
40.8,-1.4,0
40.8,-1.3,0
40.8,-1.2,0
40.8,-1.1,0
40.8,-1,0
40.8,-0.9,0
40.8,-0.8,0
40.8,-0.7,0
40.8,-0.6,0
40.8,-0.5,0
40.8,-0.4,0
40.8,-0.3,0
40.8,-0.2,0
40.8,-0.1,0
40.8,0,0
40.8,0.1,0
40.8,0.2,0
40.8,0.3,0
40.8,0.4,0
40.8,0.5,0
40.8,0.6,0
40.8,0.7,0
40.8,0.8,0
40.8,0.9,0
40.7,-8.8,0
40.7,-8.7,0
40.7,-8.6,0
40.7,-8.5,0
40.7,-8.4,0
40.7,-8.3,0
40.7,-8.2,0
40.7,-8.1,0
40.7,-8,0
40.7,-7.9,0
40.7,-7.8,0
40.7,-7.7,0
40.7,-7.6,0
40.7,-7.5,0
40.7,-7.4,0
40.7,-7.3,0
40.7,-7.2,0
40.7,-7.1,0
40.7,-7,0
40.7,-6.9,0
40.7,-6.8,0
40.7,-6.7,0
40.7,-6.6,0
40.7,-6.5,0
40.7,-6.4,0
40.7,-6.3,0
40.7,-6.2,0
40.7,-6.1,0
40.7,-6,0
40.7,-5.9,0
40.7,-5.8,0
40.7,-5.7,0
40.7,-5.6,0
40.7,-5.5,0
40.7,-5.4,0
40.7,-5.3,0
40.7,-5.2,0
40.7,-5.1,0
40.7,-5,0
40.7,-4.9,0
40.7,-4.8,0
40.7,-4.7,0
40.7,-4.6,0
40.7,-4.5,0
40.7,-4.4,0
40.7,-4.3,0
40.7,-4.2,0
40.7,-4.1,0
40.7,-4,0
40.7,-3.9,0
40.7,-3.8,0
40.7,-3.7,0
40.7,-3.6,0
40.7,-3.5,0
40.7,-3.4,0
40.7,-3.3,0
40.7,-3.2,0
40.7,-3.1,0
40.7,-3,0
40.7,-2.9,0
40.7,-2.8,0
40.7,-2.7,0
40.7,-2.6,0
40.7,-2.5,0
40.7,-2.4,0
40.7,-2.3,0
40.7,-2.2,0
40.7,-2.1,0
40.7,-2,0
40.7,-1.9,0
40.7,-1.8,0
40.7,-1.7,0
40.7,-1.6,0
40.7,-1.5,0
40.7,-1.4,0
40.7,-1.3,0
40.7,-1.2,0
40.7,-1.1,0
40.7,-1,0
40.7,-0.9,0
40.7,-0.8,0
40.7,-0.7,0
40.7,-0.6,0
40.7,-0.5,0
40.7,-0.4,0
40.7,-0.3,0
40.7,-0.2,0
40.7,-0.1,0
40.7,0,0
40.7,0.1,0
40.7,0.2,0
40.7,0.3,0
40.7,0.4,0
40.7,0.5,0
40.7,0.6,0
40.7,0.7,0
40.7,0.8,0
40.7,0.9,0
40.6,-8.8,0
40.6,-8.7,0
40.6,-8.6,0
40.6,-8.5,0
40.6,-8.4,0
40.6,-8.3,0
40.6,-8.2,0
40.6,-8.1,0
40.6,-8,0
40.6,-7.9,0
40.6,-7.8,0
40.6,-7.7,0
40.6,-7.6,0
40.6,-7.5,0
40.6,-7.4,0
40.6,-7.3,0
40.6,-7.2,0
40.6,-7.1,0
40.6,-7,0
40.6,-6.9,0
40.6,-6.8,0
40.6,-6.7,0
40.6,-6.6,0
40.6,-6.5,0
40.6,-6.4,0
40.6,-6.3,0
40.6,-6.2,0
40.6,-6.1,0
40.6,-6,0
40.6,-5.9,0
40.6,-5.8,0
40.6,-5.7,0
40.6,-5.6,0
40.6,-5.5,0
40.6,-5.4,0
40.6,-5.3,0
40.6,-5.2,0
40.6,-5.1,0
40.6,-5,0
40.6,-4.9,0
40.6,-4.8,0
40.6,-4.7,0
40.6,-4.6,0
40.6,-4.5,0
40.6,-4.4,0
40.6,-4.3,0
40.6,-4.2,0
40.6,-4.1,0
40.6,-4,0
40.6,-3.9,0
40.6,-3.8,0
40.6,-3.7,0
40.6,-3.6,0
40.6,-3.5,0
40.6,-3.4,0
40.6,-3.3,0
40.6,-3.2,0
40.6,-3.1,0
40.6,-3,0
40.6,-2.9,0
40.6,-2.8,0
40.6,-2.7,0
40.6,-2.6,0
40.6,-2.5,0
40.6,-2.4,0
40.6,-2.3,0
40.6,-2.2,0
40.6,-2.1,0
40.6,-2,0
40.6,-1.9,0
40.6,-1.8,0
40.6,-1.7,0
40.6,-1.6,0
40.6,-1.5,0
40.6,-1.4,0
40.6,-1.3,0
40.6,-1.2,0
40.6,-1.1,0
40.6,-1,0
40.6,-0.9,0
40.6,-0.8,0
40.6,-0.7,0
40.6,-0.6,0
40.6,-0.5,0
40.6,-0.4,0
40.6,-0.3,0
40.6,-0.2,0
40.6,-0.1,0
40.6,0,0
40.6,0.1,0
40.6,0.2,0
40.6,0.3,0
40.6,0.4,0
40.6,0.5,0
40.6,0.6,0
40.6,0.7,0
40.6,0.8,0
40.5,-8.9,0
40.5,-8.8,0
40.5,-8.7,0
40.5,-8.6,0
40.5,-8.5,0
40.5,-8.4,0
40.5,-8.3,0
40.5,-8.2,0
40.5,-8.1,0
40.5,-8,0
40.5,-7.9,0
40.5,-7.8,0
40.5,-7.7,0
40.5,-7.6,0
40.5,-7.5,0
40.5,-7.4,0
40.5,-7.3,0
40.5,-7.2,0
40.5,-7.1,0
40.5,-7,0
40.5,-6.9,0
40.5,-6.8,0
40.5,-6.7,0
40.5,-6.6,0
40.5,-6.5,0
40.5,-6.4,0
40.5,-6.3,0
40.5,-6.2,0
40.5,-6.1,0
40.5,-6,0
40.5,-5.9,0
40.5,-5.8,0
40.5,-5.7,0
40.5,-5.6,0
40.5,-5.5,0
40.5,-5.4,0
40.5,-5.3,0
40.5,-5.2,0
40.5,-5.1,0
40.5,-5,0
40.5,-4.9,0
40.5,-4.8,0
40.5,-4.7,0
40.5,-4.6,0
40.5,-4.5,0
40.5,-4.4,0
40.5,-4.3,0
40.5,-4.2,0
40.5,-4.1,0
40.5,-4,0
40.5,-3.9,0
40.5,-3.8,0
40.5,-3.7,0
40.5,-3.6,0
40.5,-3.5,0
40.5,-3.4,0
40.5,-3.3,0
40.5,-3.2,0
40.5,-3.1,0
40.5,-3,0
40.5,-2.9,0
40.5,-2.8,0
40.5,-2.7,0
40.5,-2.6,0
40.5,-2.5,0
40.5,-2.4,0
40.5,-2.3,0
40.5,-2.2,0
40.5,-2.1,0
40.5,-2,0
40.5,-1.9,0
40.5,-1.8,0
40.5,-1.7,0
40.5,-1.6,0
40.5,-1.5,0
40.5,-1.4,0
40.5,-1.3,0
40.5,-1.2,0
40.5,-1.1,0
40.5,-1,0
40.5,-0.9,0
40.5,-0.8,0
40.5,-0.7,0
40.5,-0.6,0
40.5,-0.5,0
40.5,-0.4,0
40.5,-0.3,0
40.5,-0.2,0
40.5,-0.1,0
40.5,0,0
40.5,0.1,0
40.5,0.2,0
40.5,0.3,0
40.5,0.4,0
40.5,0.5,0
40.4,-8.9,0
40.4,-8.8,0
40.4,-8.7,0
40.4,-8.6,0
40.4,-8.5,0
40.4,-8.4,0
40.4,-8.3,0
40.4,-8.2,0
40.4,-8.1,0
40.4,-8,0
40.4,-7.9,0
40.4,-7.8,0
40.4,-7.7,0
40.4,-7.6,0
40.4,-7.5,0
40.4,-7.4,0
40.4,-7.3,0
40.4,-7.2,0
40.4,-7.1,0
40.4,-7,0
40.4,-6.9,0
40.4,-6.8,0
40.4,-6.7,0
40.4,-6.6,0
40.4,-6.5,0
40.4,-6.4,0
40.4,-6.3,0
40.4,-6.2,0
40.4,-6.1,0
40.4,-6,0
40.4,-5.9,0
40.4,-5.8,0
40.4,-5.7,0
40.4,-5.6,0
40.4,-5.5,0
40.4,-5.4,0
40.4,-5.3,0
40.4,-5.2,0
40.4,-5.1,0
40.4,-5,0
40.4,-4.9,0
40.4,-4.8,0
40.4,-4.7,0
40.4,-4.6,0
40.4,-4.5,0
40.4,-4.4,0
40.4,-4.3,0
40.4,-4.2,0
40.4,-4.1,0
40.4,-4,0
40.4,-3.9,0
40.4,-3.8,0
40.4,-3.7,0
40.4,-3.6,0
40.4,-3.5,0
40.4,-3.4,0
40.4,-3.3,0
40.4,-3.2,0
40.4,-3.1,0
40.4,-3,0
40.4,-2.9,0
40.4,-2.8,0
40.4,-2.7,0
40.4,-2.6,0
40.4,-2.5,0
40.4,-2.4,0
40.4,-2.3,0
40.4,-2.2,0
40.4,-2.1,0
40.4,-2,0
40.4,-1.9,0
40.4,-1.8,0
40.4,-1.7,0
40.4,-1.6,0
40.4,-1.5,0
40.4,-1.4,0
40.4,-1.3,0
40.4,-1.2,0
40.4,-1.1,0
40.4,-1,0
40.4,-0.9,0
40.4,-0.8,0
40.4,-0.7,0
40.4,-0.6,0
40.4,-0.5,0
40.4,-0.4,0
40.4,-0.3,0
40.4,-0.2,0
40.4,-0.1,0
40.4,0,0
40.4,0.1,0
40.4,0.2,0
40.4,0.3,0
40.4,0.4,0
40.4,0.5,0
40.3,-9,0
40.3,-8.9,0
40.3,-8.8,0
40.3,-8.7,0
40.3,-8.6,0
40.3,-8.5,0
40.3,-8.4,0
40.3,-8.3,0
40.3,-8.2,0
40.3,-8.1,0
40.3,-8,0
40.3,-7.9,0
40.3,-7.8,0
40.3,-7.7,0
40.3,-7.6,0
40.3,-7.5,0
40.3,-7.4,0
40.3,-7.3,0
40.3,-7.2,0
40.3,-7.1,0
40.3,-7,0
40.3,-6.9,0
40.3,-6.8,0
40.3,-6.7,0
40.3,-6.6,0
40.3,-6.5,0
40.3,-6.4,0
40.3,-6.3,0
40.3,-6.2,0
40.3,-6.1,0
40.3,-6,0
40.3,-5.9,0
40.3,-5.8,0
40.3,-5.7,0
40.3,-5.6,0
40.3,-5.5,0
40.3,-5.4,0
40.3,-5.3,0
40.3,-5.2,0
40.3,-5.1,0
40.3,-5,0
40.3,-4.9,0
40.3,-4.8,0
40.3,-4.7,0
40.3,-4.6,0
40.3,-4.5,0
40.3,-4.4,0
40.3,-4.3,0
40.3,-4.2,0
40.3,-4.1,0
40.3,-4,0
40.3,-3.9,0
40.3,-3.8,0
40.3,-3.7,0
40.3,-3.6,0
40.3,-3.5,0
40.3,-3.4,0
40.3,-3.3,0
40.3,-3.2,0
40.3,-3.1,0
40.3,-3,0
40.3,-2.9,0
40.3,-2.8,0
40.3,-2.7,0
40.3,-2.6,0
40.3,-2.5,0
40.3,-2.4,0
40.3,-2.3,0
40.3,-2.2,0
40.3,-2.1,0
40.3,-2,0
40.3,-1.9,0
40.3,-1.8,0
40.3,-1.7,0
40.3,-1.6,0
40.3,-1.5,0
40.3,-1.4,0
40.3,-1.3,0
40.3,-1.2,0
40.3,-1.1,0
40.3,-1,0
40.3,-0.9,0
40.3,-0.8,0
40.3,-0.7,0
40.3,-0.6,0
40.3,-0.5,0
40.3,-0.4,0
40.3,-0.3,0
40.3,-0.2,0
40.3,-0.1,0
40.3,0,0
40.3,0.1,0
40.3,0.2,0
40.3,0.3,0
40.3,0.4,0
40.2,-9,0
40.2,-8.9,0
40.2,-8.8,0
40.2,-8.7,0
40.2,-8.6,0
40.2,-8.5,0
40.2,-8.4,0
40.2,-8.3,0
40.2,-8.2,0
40.2,-8.1,0
40.2,-8,0
40.2,-7.9,0
40.2,-7.8,0
40.2,-7.7,0
40.2,-7.6,0
40.2,-7.5,0
40.2,-7.4,0
40.2,-7.3,0
40.2,-7.2,0
40.2,-7.1,0
40.2,-7,0
40.2,-6.9,0
40.2,-6.8,0
40.2,-6.7,0
40.2,-6.6,0
40.2,-6.5,0
40.2,-6.4,0
40.2,-6.3,0
40.2,-6.2,0
40.2,-6.1,0
40.2,-6,0
40.2,-5.9,0
40.2,-5.8,0
40.2,-5.7,0
40.2,-5.6,0
40.2,-5.5,0
40.2,-5.4,0
40.2,-5.3,0
40.2,-5.2,0
40.2,-5.1,0
40.2,-5,0
40.2,-4.9,0
40.2,-4.8,0
40.2,-4.7,0
40.2,-4.6,0
40.2,-4.5,0
40.2,-4.4,0
40.2,-4.3,0
40.2,-4.2,0
40.2,-4.1,0
40.2,-4,0
40.2,-3.9,0
40.2,-3.8,0
40.2,-3.7,0
40.2,-3.6,0
40.2,-3.5,0
40.2,-3.4,0
40.2,-3.3,0
40.2,-3.2,0
40.2,-3.1,0
40.2,-3,0
40.2,-2.9,0
40.2,-2.8,0
40.2,-2.7,0
40.2,-2.6,0
40.2,-2.5,0
40.2,-2.4,0
40.2,-2.3,0
40.2,-2.2,0
40.2,-2.1,0
40.2,-2,0
40.2,-1.9,0
40.2,-1.8,0
40.2,-1.7,0
40.2,-1.6,0
40.2,-1.5,0
40.2,-1.4,0
40.2,-1.3,0
40.2,-1.2,0
40.2,-1.1,0
40.2,-1,0
40.2,-0.9,0
40.2,-0.8,0
40.2,-0.7,0
40.2,-0.6,0
40.2,-0.5,0
40.2,-0.4,0
40.2,-0.3,0
40.2,-0.2,0
40.2,-0.1,0
40.2,0,0
40.2,0.1,0
40.2,0.2,0
40.2,0.3,0
40.1,-9,0
40.1,-8.9,0
40.1,-8.8,0
40.1,-8.7,0
40.1,-8.6,0
40.1,-8.5,0
40.1,-8.4,0
40.1,-8.3,0
40.1,-8.2,0
40.1,-8.1,0
40.1,-8,0
40.1,-7.9,0
40.1,-7.8,0
40.1,-7.7,0
40.1,-7.6,0
40.1,-7.5,0
40.1,-7.4,0
40.1,-7.3,0
40.1,-7.2,0
40.1,-7.1,0
40.1,-7,0
40.1,-6.9,0
40.1,-6.8,0
40.1,-6.7,0
40.1,-6.6,0
40.1,-6.5,0
40.1,-6.4,0
40.1,-6.3,0
40.1,-6.2,0
40.1,-6.1,0
40.1,-6,0
40.1,-5.9,0
40.1,-5.8,0
40.1,-5.7,0
40.1,-5.6,0
40.1,-5.5,0
40.1,-5.4,0
40.1,-5.3,0
40.1,-5.2,0
40.1,-5.1,0
40.1,-5,0
40.1,-4.9,0
40.1,-4.8,0
40.1,-4.7,0
40.1,-4.6,0
40.1,-4.5,0
40.1,-4.4,0
40.1,-4.3,0
40.1,-4.2,0
40.1,-4.1,0
40.1,-4,0
40.1,-3.9,0
40.1,-3.8,0
40.1,-3.7,0
40.1,-3.6,0
40.1,-3.5,0
40.1,-3.4,0
40.1,-3.3,0
40.1,-3.2,0
40.1,-3.1,0
40.1,-3,0
40.1,-2.9,0
40.1,-2.8,0
40.1,-2.7,0
40.1,-2.6,0
40.1,-2.5,0
40.1,-2.4,0
40.1,-2.3,0
40.1,-2.2,0
40.1,-2.1,0
40.1,-2,0
40.1,-1.9,0
40.1,-1.8,0
40.1,-1.7,0
40.1,-1.6,0
40.1,-1.5,0
40.1,-1.4,0
40.1,-1.3,0
40.1,-1.2,0
40.1,-1.1,0
40.1,-1,0
40.1,-0.9,0
40.1,-0.8,0
40.1,-0.7,0
40.1,-0.6,0
40.1,-0.5,0
40.1,-0.4,0
40.1,-0.3,0
40.1,-0.2,0
40.1,-0.1,0
40.1,0,0
40.1,0.1,0
40.1,0.2,0
40,-9,0
40,-8.9,0
40,-8.8,0
40,-8.7,0
40,-8.6,0
40,-8.5,0
40,-8.4,0
40,-8.3,0
40,-8.2,0
40,-8.1,0
40,-8,0
40,-7.9,0
40,-7.8,0
40,-7.7,0
40,-7.6,0
40,-7.5,0
40,-7.4,0
40,-7.3,0
40,-7.2,0
40,-7.1,0
40,-7,0
40,-6.9,0
40,-6.8,0
40,-6.7,0
40,-6.6,0
40,-6.5,0
40,-6.4,0
40,-6.3,0
40,-6.2,0
40,-6.1,0
40,-6,0
40,-5.9,0
40,-5.8,0
40,-5.7,0
40,-5.6,0
40,-5.5,0
40,-5.4,0
40,-5.3,0
40,-5.2,0
40,-5.1,0
40,-5,0
40,-4.9,0
40,-4.8,0
40,-4.7,0
40,-4.6,0
40,-4.5,0
40,-4.4,0
40,-4.3,0
40,-4.2,0
40,-4.1,0
40,-4,0
40,-3.9,0
40,-3.8,0
40,-3.7,0
40,-3.6,0
40,-3.5,0
40,-3.4,0
40,-3.3,0
40,-3.2,0
40,-3.1,0
40,-3,0
40,-2.9,0
40,-2.8,0
40,-2.7,0
40,-2.6,0
40,-2.5,0
40,-2.4,0
40,-2.3,0
40,-2.2,0
40,-2.1,0
40,-2,0
40,-1.9,0
40,-1.8,0
40,-1.7,0
40,-1.6,0
40,-1.5,0
40,-1.4,0
40,-1.3,0
40,-1.2,0
40,-1.1,0
40,-1,0
40,-0.9,0
40,-0.8,0
40,-0.7,0
40,-0.6,0
40,-0.5,0
40,-0.4,0
40,-0.3,0
40,-0.2,0
40,-0.1,0
40,0,0
40,0.1,0
39.9,-9.1,0
39.9,-9,0
39.9,-8.9,0
39.9,-8.8,0
39.9,-8.7,0
39.9,-8.6,0
39.9,-8.5,0
39.9,-8.4,0
39.9,-8.3,0
39.9,-8.2,0
39.9,-8.1,0
39.9,-8,0
39.9,-7.9,0
39.9,-7.8,0
39.9,-7.7,0
39.9,-7.6,0
39.9,-7.5,0
39.9,-7.4,0
39.9,-7.3,0
39.9,-7.2,0
39.9,-7.1,0
39.9,-7,0
39.9,-6.9,0
39.9,-6.8,0
39.9,-6.7,0
39.9,-6.6,0
39.9,-6.5,0
39.9,-6.4,0
39.9,-6.3,0
39.9,-6.2,0
39.9,-6.1,0
39.9,-6,0
39.9,-5.9,0
39.9,-5.8,0
39.9,-5.7,0
39.9,-5.6,0
39.9,-5.5,0
39.9,-5.4,0
39.9,-5.3,0
39.9,-5.2,0
39.9,-5.1,0
39.9,-5,0
39.9,-4.9,0
39.9,-4.8,0
39.9,-4.7,0
39.9,-4.6,0
39.9,-4.5,0
39.9,-4.4,0
39.9,-4.3,0
39.9,-4.2,0
39.9,-4.1,0
39.9,-4,0
39.9,-3.9,0
39.9,-3.8,0
39.9,-3.7,0
39.9,-3.6,0
39.9,-3.5,0
39.9,-3.4,0
39.9,-3.3,0
39.9,-3.2,0
39.9,-3.1,0
39.9,-3,0
39.9,-2.9,0
39.9,-2.8,0
39.9,-2.7,0
39.9,-2.6,0
39.9,-2.5,0
39.9,-2.4,0
39.9,-2.3,0
39.9,-2.2,0
39.9,-2.1,0
39.9,-2,0
39.9,-1.9,0
39.9,-1.8,0
39.9,-1.7,0
39.9,-1.6,0
39.9,-1.5,0
39.9,-1.4,0
39.9,-1.3,0
39.9,-1.2,0
39.9,-1.1,0
39.9,-1,0
39.9,-0.9,0
39.9,-0.8,0
39.9,-0.7,0
39.9,-0.6,0
39.9,-0.5,0
39.9,-0.4,0
39.9,-0.3,0
39.9,-0.2,0
39.9,-0.1,0
39.9,0,0
39.8,-9.1,0
39.8,-9,0
39.8,-8.9,0
39.8,-8.8,0
39.8,-8.7,0
39.8,-8.6,0
39.8,-8.5,0
39.8,-8.4,0
39.8,-8.3,0
39.8,-8.2,0
39.8,-8.1,0
39.8,-8,0
39.8,-7.9,0
39.8,-7.8,0
39.8,-7.7,0
39.8,-7.6,0
39.8,-7.5,0
39.8,-7.4,0
39.8,-7.3,0
39.8,-7.2,0
39.8,-7.1,0
39.8,-7,0
39.8,-6.9,0
39.8,-6.8,0
39.8,-6.7,0
39.8,-6.6,0
39.8,-6.5,0
39.8,-6.4,0
39.8,-6.3,0
39.8,-6.2,0
39.8,-6.1,0
39.8,-6,0
39.8,-5.9,0
39.8,-5.8,0
39.8,-5.7,0
39.8,-5.6,0
39.8,-5.5,0
39.8,-5.4,0
39.8,-5.3,0
39.8,-5.2,0
39.8,-5.1,0
39.8,-5,0
39.8,-4.9,0
39.8,-4.8,0
39.8,-4.7,0
39.8,-4.6,0
39.8,-4.5,0
39.8,-4.4,0
39.8,-4.3,0
39.8,-4.2,0
39.8,-4.1,0
39.8,-4,0
39.8,-3.9,0
39.8,-3.8,0
39.8,-3.7,0
39.8,-3.6,0
39.8,-3.5,0
39.8,-3.4,0
39.8,-3.3,0
39.8,-3.2,0
39.8,-3.1,0
39.8,-3,0
39.8,-2.9,0
39.8,-2.8,0
39.8,-2.7,0
39.8,-2.6,0
39.8,-2.5,0
39.8,-2.4,0
39.8,-2.3,0
39.8,-2.2,0
39.8,-2.1,0
39.8,-2,0
39.8,-1.9,0
39.8,-1.8,0
39.8,-1.7,0
39.8,-1.6,0
39.8,-1.5,0
39.8,-1.4,0
39.8,-1.3,0
39.8,-1.2,0
39.8,-1.1,0
39.8,-1,0
39.8,-0.9,0
39.8,-0.8,0
39.8,-0.7,0
39.8,-0.6,0
39.8,-0.5,0
39.8,-0.4,0
39.8,-0.3,0
39.8,-0.2,0
39.8,-0.1,0
39.7,-9.1,0
39.7,-9,0
39.7,-8.9,0
39.7,-8.8,0
39.7,-8.7,0
39.7,-8.6,0
39.7,-8.5,0
39.7,-8.4,0
39.7,-8.3,0
39.7,-8.2,0
39.7,-8.1,0
39.7,-8,0
39.7,-7.9,0
39.7,-7.8,0
39.7,-7.7,0
39.7,-7.6,0
39.7,-7.5,0
39.7,-7.4,0
39.7,-7.3,0
39.7,-7.2,0
39.7,-7.1,0
39.7,-7,0
39.7,-6.9,0
39.7,-6.8,0
39.7,-6.7,0
39.7,-6.6,0
39.7,-6.5,0
39.7,-6.4,0
39.7,-6.3,0
39.7,-6.2,0
39.7,-6.1,0
39.7,-6,0
39.7,-5.9,0
39.7,-5.8,0
39.7,-5.7,0
39.7,-5.6,0
39.7,-5.5,0
39.7,-5.4,0
39.7,-5.3,0
39.7,-5.2,0
39.7,-5.1,0
39.7,-5,0
39.7,-4.9,0
39.7,-4.8,0
39.7,-4.7,0
39.7,-4.6,0
39.7,-4.5,0
39.7,-4.4,0
39.7,-4.3,0
39.7,-4.2,0
39.7,-4.1,0
39.7,-4,0
39.7,-3.9,0
39.7,-3.8,0
39.7,-3.7,0
39.7,-3.6,0
39.7,-3.5,0
39.7,-3.4,0
39.7,-3.3,0
39.7,-3.2,0
39.7,-3.1,0
39.7,-3,0
39.7,-2.9,0
39.7,-2.8,0
39.7,-2.7,0
39.7,-2.6,0
39.7,-2.5,0
39.7,-2.4,0
39.7,-2.3,0
39.7,-2.2,0
39.7,-2.1,0
39.7,-2,0
39.7,-1.9,0
39.7,-1.8,0
39.7,-1.7,0
39.7,-1.6,0
39.7,-1.5,0
39.7,-1.4,0
39.7,-1.3,0
39.7,-1.2,0
39.7,-1.1,0
39.7,-1,0
39.7,-0.9,0
39.7,-0.8,0
39.7,-0.7,0
39.7,-0.6,0
39.7,-0.5,0
39.7,-0.4,0
39.7,-0.3,0
39.7,-0.2,0
39.7,-0.1,0
39.6,-9.2,0
39.6,-9.1,0
39.6,-9,0
39.6,-8.9,0
39.6,-8.8,0
39.6,-8.7,0
39.6,-8.6,0
39.6,-8.5,0
39.6,-8.4,0
39.6,-8.3,0
39.6,-8.2,0
39.6,-8.1,0
39.6,-8,0
39.6,-7.9,0
39.6,-7.8,0
39.6,-7.7,0
39.6,-7.6,0
39.6,-7.5,0
39.6,-7.4,0
39.6,-7.3,0
39.6,-7.2,0
39.6,-7.1,0
39.6,-7,0
39.6,-6.9,0
39.6,-6.8,0
39.6,-6.7,0
39.6,-6.6,0
39.6,-6.5,0
39.6,-6.4,0
39.6,-6.3,0
39.6,-6.2,0
39.6,-6.1,0
39.6,-6,0
39.6,-5.9,0
39.6,-5.8,0
39.6,-5.7,0
39.6,-5.6,0
39.6,-5.5,0
39.6,-5.4,0
39.6,-5.3,0
39.6,-5.2,0
39.6,-5.1,0
39.6,-5,0
39.6,-4.9,0
39.6,-4.8,0
39.6,-4.7,0
39.6,-4.6,0
39.6,-4.5,0
39.6,-4.4,0
39.6,-4.3,0
39.6,-4.2,0
39.6,-4.1,0
39.6,-4,0
39.6,-3.9,0
39.6,-3.8,0
39.6,-3.7,0
39.6,-3.6,0
39.6,-3.5,0
39.6,-3.4,0
39.6,-3.3,0
39.6,-3.2,0
39.6,-3.1,0
39.6,-3,0
39.6,-2.9,0
39.6,-2.8,0
39.6,-2.7,0
39.6,-2.6,0
39.6,-2.5,0
39.6,-2.4,0
39.6,-2.3,0
39.6,-2.2,0
39.6,-2.1,0
39.6,-2,0
39.6,-1.9,0
39.6,-1.8,0
39.6,-1.7,0
39.6,-1.6,0
39.6,-1.5,0
39.6,-1.4,0
39.6,-1.3,0
39.6,-1.2,0
39.6,-1.1,0
39.6,-1,0
39.6,-0.9,0
39.6,-0.8,0
39.6,-0.7,0
39.6,-0.6,0
39.6,-0.5,0
39.6,-0.4,0
39.6,-0.3,0
39.6,-0.2,0
39.5,-9.3,0
39.5,-9.2,0
39.5,-9.1,0
39.5,-9,0
39.5,-8.9,0
39.5,-8.8,0
39.5,-8.7,0
39.5,-8.6,0
39.5,-8.5,0
39.5,-8.4,0
39.5,-8.3,0
39.5,-8.2,0
39.5,-8.1,0
39.5,-8,0
39.5,-7.9,0
39.5,-7.8,0
39.5,-7.7,0
39.5,-7.6,0
39.5,-7.5,0
39.5,-7.4,0
39.5,-7.3,0
39.5,-7.2,0
39.5,-7.1,0
39.5,-7,0
39.5,-6.9,0
39.5,-6.8,0
39.5,-6.7,0
39.5,-6.6,0
39.5,-6.5,0
39.5,-6.4,0
39.5,-6.3,0
39.5,-6.2,0
39.5,-6.1,0
39.5,-6,0
39.5,-5.9,0
39.5,-5.8,0
39.5,-5.7,0
39.5,-5.6,0
39.5,-5.5,0
39.5,-5.4,0
39.5,-5.3,0
39.5,-5.2,0
39.5,-5.1,0
39.5,-5,0
39.5,-4.9,0
39.5,-4.8,0
39.5,-4.7,0
39.5,-4.6,0
39.5,-4.5,0
39.5,-4.4,0
39.5,-4.3,0
39.5,-4.2,0
39.5,-4.1,0
39.5,-4,0
39.5,-3.9,0
39.5,-3.8,0
39.5,-3.7,0
39.5,-3.6,0
39.5,-3.5,0
39.5,-3.4,0
39.5,-3.3,0
39.5,-3.2,0
39.5,-3.1,0
39.5,-3,0
39.5,-2.9,0
39.5,-2.8,0
39.5,-2.7,0
39.5,-2.6,0
39.5,-2.5,0
39.5,-2.4,0
39.5,-2.3,0
39.5,-2.2,0
39.5,-2.1,0
39.5,-2,0
39.5,-1.9,0
39.5,-1.8,0
39.5,-1.7,0
39.5,-1.6,0
39.5,-1.5,0
39.5,-1.4,0
39.5,-1.3,0
39.5,-1.2,0
39.5,-1.1,0
39.5,-1,0
39.5,-0.9,0
39.5,-0.8,0
39.5,-0.7,0
39.5,-0.6,0
39.5,-0.5,0
39.5,-0.4,0
39.5,-0.3,0
39.4,-9.5,0
39.4,-9.4,0
39.4,-9.3,0
39.4,-9.2,0
39.4,-9.1,0
39.4,-9,0
39.4,-8.9,0
39.4,-8.8,0
39.4,-8.7,0
39.4,-8.6,0
39.4,-8.5,0
39.4,-8.4,0
39.4,-8.3,0
39.4,-8.2,0
39.4,-8.1,0
39.4,-8,0
39.4,-7.9,0
39.4,-7.8,0
39.4,-7.7,0
39.4,-7.6,0
39.4,-7.5,0
39.4,-7.4,0
39.4,-7.3,0
39.4,-7.2,0
39.4,-7.1,0
39.4,-7,0
39.4,-6.9,0
39.4,-6.8,0
39.4,-6.7,0
39.4,-6.6,0
39.4,-6.5,0
39.4,-6.4,0
39.4,-6.3,0
39.4,-6.2,0
39.4,-6.1,0
39.4,-6,0
39.4,-5.9,0
39.4,-5.8,0
39.4,-5.7,0
39.4,-5.6,0
39.4,-5.5,0
39.4,-5.4,0
39.4,-5.3,0
39.4,-5.2,0
39.4,-5.1,0
39.4,-5,0
39.4,-4.9,0
39.4,-4.8,0
39.4,-4.7,0
39.4,-4.6,0
39.4,-4.5,0
39.4,-4.4,0
39.4,-4.3,0
39.4,-4.2,0
39.4,-4.1,0
39.4,-4,0
39.4,-3.9,0
39.4,-3.8,0
39.4,-3.7,0
39.4,-3.6,0
39.4,-3.5,0
39.4,-3.4,0
39.4,-3.3,0
39.4,-3.2,0
39.4,-3.1,0
39.4,-3,0
39.4,-2.9,0
39.4,-2.8,0
39.4,-2.7,0
39.4,-2.6,0
39.4,-2.5,0
39.4,-2.4,0
39.4,-2.3,0
39.4,-2.2,0
39.4,-2.1,0
39.4,-2,0
39.4,-1.9,0
39.4,-1.8,0
39.4,-1.7,0
39.4,-1.6,0
39.4,-1.5,0
39.4,-1.4,0
39.4,-1.3,0
39.4,-1.2,0
39.4,-1.1,0
39.4,-1,0
39.4,-0.9,0
39.4,-0.8,0
39.4,-0.7,0
39.4,-0.6,0
39.4,-0.5,0
39.4,-0.4,0
39.4,-0.3,0
39.4,-0.2,0
39.3,-9.4,0
39.3,-9.3,0
39.3,-9.2,0
39.3,-9.1,0
39.3,-9,0
39.3,-8.9,0
39.3,-8.8,0
39.3,-8.7,0
39.3,-8.6,0
39.3,-8.5,0
39.3,-8.4,0
39.3,-8.3,0
39.3,-8.2,0
39.3,-8.1,0
39.3,-8,0
39.3,-7.9,0
39.3,-7.8,0
39.3,-7.7,0
39.3,-7.6,0
39.3,-7.5,0
39.3,-7.4,0
39.3,-7.3,0
39.3,-7.2,0
39.3,-7.1,0
39.3,-7,0
39.3,-6.9,0
39.3,-6.8,0
39.3,-6.7,0
39.3,-6.6,0
39.3,-6.5,0
39.3,-6.4,0
39.3,-6.3,0
39.3,-6.2,0
39.3,-6.1,0
39.3,-6,0
39.3,-5.9,0
39.3,-5.8,0
39.3,-5.7,0
39.3,-5.6,0
39.3,-5.5,0
39.3,-5.4,0
39.3,-5.3,0
39.3,-5.2,0
39.3,-5.1,0
39.3,-5,0
39.3,-4.9,0
39.3,-4.8,0
39.3,-4.7,0
39.3,-4.6,0
39.3,-4.5,0
39.3,-4.4,0
39.3,-4.3,0
39.3,-4.2,0
39.3,-4.1,0
39.3,-4,0
39.3,-3.9,0
39.3,-3.8,0
39.3,-3.7,0
39.3,-3.6,0
39.3,-3.5,0
39.3,-3.4,0
39.3,-3.3,0
39.3,-3.2,0
39.3,-3.1,0
39.3,-3,0
39.3,-2.9,0
39.3,-2.8,0
39.3,-2.7,0
39.3,-2.6,0
39.3,-2.5,0
39.3,-2.4,0
39.3,-2.3,0
39.3,-2.2,0
39.3,-2.1,0
39.3,-2,0
39.3,-1.9,0
39.3,-1.8,0
39.3,-1.7,0
39.3,-1.6,0
39.3,-1.5,0
39.3,-1.4,0
39.3,-1.3,0
39.3,-1.2,0
39.3,-1.1,0
39.3,-1,0
39.3,-0.9,0
39.3,-0.8,0
39.3,-0.7,0
39.3,-0.6,0
39.3,-0.5,0
39.3,-0.4,0
39.3,-0.3,0
39.3,-0.2,0
39.2,-9.5,0
39.2,-9.4,0
39.2,-9.3,0
39.2,-9.2,0
39.2,-9.1,0
39.2,-9,0
39.2,-8.9,0
39.2,-8.8,0
39.2,-8.7,0
39.2,-8.6,0
39.2,-8.5,0
39.2,-8.4,0
39.2,-8.3,0
39.2,-8.2,0
39.2,-8.1,0
39.2,-8,0
39.2,-7.9,0
39.2,-7.8,0
39.2,-7.7,0
39.2,-7.6,0
39.2,-7.5,0
39.2,-7.4,0
39.2,-7.3,0
39.2,-7.2,0
39.2,-7.1,0
39.2,-7,0
39.2,-6.9,0
39.2,-6.8,0
39.2,-6.7,0
39.2,-6.6,0
39.2,-6.5,0
39.2,-6.4,0
39.2,-6.3,0
39.2,-6.2,0
39.2,-6.1,0
39.2,-6,0
39.2,-5.9,0
39.2,-5.8,0
39.2,-5.7,0
39.2,-5.6,0
39.2,-5.5,0
39.2,-5.4,0
39.2,-5.3,0
39.2,-5.2,0
39.2,-5.1,0
39.2,-5,0
39.2,-4.9,0
39.2,-4.8,0
39.2,-4.7,0
39.2,-4.6,0
39.2,-4.5,0
39.2,-4.4,0
39.2,-4.3,0
39.2,-4.2,0
39.2,-4.1,0
39.2,-4,0
39.2,-3.9,0
39.2,-3.8,0
39.2,-3.7,0
39.2,-3.6,0
39.2,-3.5,0
39.2,-3.4,0
39.2,-3.3,0
39.2,-3.2,0
39.2,-3.1,0
39.2,-3,0
39.2,-2.9,0
39.2,-2.8,0
39.2,-2.7,0
39.2,-2.6,0
39.2,-2.5,0
39.2,-2.4,0
39.2,-2.3,0
39.2,-2.2,0
39.2,-2.1,0
39.2,-2,0
39.2,-1.9,0
39.2,-1.8,0
39.2,-1.7,0
39.2,-1.6,0
39.2,-1.5,0
39.2,-1.4,0
39.2,-1.3,0
39.2,-1.2,0
39.2,-1.1,0
39.2,-1,0
39.2,-0.9,0
39.2,-0.8,0
39.2,-0.7,0
39.2,-0.6,0
39.2,-0.5,0
39.2,-0.4,0
39.2,-0.3,0
39.2,-0.2,0
39.1,-9.5,0
39.1,-9.4,0
39.1,-9.3,0
39.1,-9.2,0
39.1,-9.1,0
39.1,-9,0
39.1,-8.9,0
39.1,-8.8,0
39.1,-8.7,0
39.1,-8.6,0
39.1,-8.5,0
39.1,-8.4,0
39.1,-8.3,0
39.1,-8.2,0
39.1,-8.1,0
39.1,-8,0
39.1,-7.9,0
39.1,-7.8,0
39.1,-7.7,0
39.1,-7.6,0
39.1,-7.5,0
39.1,-7.4,0
39.1,-7.3,0
39.1,-7.2,0
39.1,-7.1,0
39.1,-7,0
39.1,-6.9,0
39.1,-6.8,0
39.1,-6.7,0
39.1,-6.6,0
39.1,-6.5,0
39.1,-6.4,0
39.1,-6.3,0
39.1,-6.2,0
39.1,-6.1,0
39.1,-6,0
39.1,-5.9,0
39.1,-5.8,0
39.1,-5.7,0
39.1,-5.6,0
39.1,-5.5,0
39.1,-5.4,0
39.1,-5.3,0
39.1,-5.2,0
39.1,-5.1,0
39.1,-5,0
39.1,-4.9,0
39.1,-4.8,0
39.1,-4.7,0
39.1,-4.6,0
39.1,-4.5,0
39.1,-4.4,0
39.1,-4.3,0
39.1,-4.2,0
39.1,-4.1,0
39.1,-4,0
39.1,-3.9,0
39.1,-3.8,0
39.1,-3.7,0
39.1,-3.6,0
39.1,-3.5,0
39.1,-3.4,0
39.1,-3.3,0
39.1,-3.2,0
39.1,-3.1,0
39.1,-3,0
39.1,-2.9,0
39.1,-2.8,0
39.1,-2.7,0
39.1,-2.6,0
39.1,-2.5,0
39.1,-2.4,0
39.1,-2.3,0
39.1,-2.2,0
39.1,-2.1,0
39.1,-2,0
39.1,-1.9,0
39.1,-1.8,0
39.1,-1.7,0
39.1,-1.6,0
39.1,-1.5,0
39.1,-1.4,0
39.1,-1.3,0
39.1,-1.2,0
39.1,-1.1,0
39.1,-1,0
39.1,-0.9,0
39.1,-0.8,0
39.1,-0.7,0
39.1,-0.6,0
39.1,-0.5,0
39.1,-0.4,0
39.1,-0.3,0
39.1,-0.2,0
39.1,-0.1,0
39,-9.5,0
39,-9.4,0
39,-9.3,0
39,-9.2,0
39,-9.1,0
39,-9,0
39,-8.9,0
39,-8.8,0
39,-8.7,0
39,-8.6,0
39,-8.5,0
39,-8.4,0
39,-8.3,0
39,-8.2,0
39,-8.1,0
39,-8,0
39,-7.9,0
39,-7.8,0
39,-7.7,0
39,-7.6,0
39,-7.5,0
39,-7.4,0
39,-7.3,0
39,-7.2,0
39,-7.1,0
39,-7,0
39,-6.9,0
39,-6.8,0
39,-6.7,0
39,-6.6,0
39,-6.5,0
39,-6.4,0
39,-6.3,0
39,-6.2,0
39,-6.1,0
39,-6,0
39,-5.9,0
39,-5.8,0
39,-5.7,0
39,-5.6,0
39,-5.5,0
39,-5.4,0
39,-5.3,0
39,-5.2,0
39,-5.1,0
39,-5,0
39,-4.9,0
39,-4.8,0
39,-4.7,0
39,-4.6,0
39,-4.5,0
39,-4.4,0
39,-4.3,0
39,-4.2,0
39,-4.1,0
39,-4,0
39,-3.9,0
39,-3.8,0
39,-3.7,0
39,-3.6,0
39,-3.5,0
39,-3.4,0
39,-3.3,0
39,-3.2,0
39,-3.1,0
39,-3,0
39,-2.9,0
39,-2.8,0
39,-2.7,0
39,-2.6,0
39,-2.5,0
39,-2.4,0
39,-2.3,0
39,-2.2,0
39,-2.1,0
39,-2,0
39,-1.9,0
39,-1.8,0
39,-1.7,0
39,-1.6,0
39,-1.5,0
39,-1.4,0
39,-1.3,0
39,-1.2,0
39,-1.1,0
39,-1,0
39,-0.9,0
39,-0.8,0
39,-0.7,0
39,-0.6,0
39,-0.5,0
39,-0.4,0
39,-0.3,0
39,-0.2,0
39,-0.1,0
39,0,0
38.9,-9.5,0
38.9,-9.4,0
38.9,-9.3,0
38.9,-9.2,0
38.9,-9.1,0
38.9,-9,0
38.9,-8.9,0
38.9,-8.8,0
38.9,-8.7,0
38.9,-8.6,0
38.9,-8.5,0
38.9,-8.4,0
38.9,-8.3,0
38.9,-8.2,0
38.9,-8.1,0
38.9,-8,0
38.9,-7.9,0
38.9,-7.8,0
38.9,-7.7,0
38.9,-7.6,0
38.9,-7.5,0
38.9,-7.4,0
38.9,-7.3,0
38.9,-7.2,0
38.9,-7.1,0
38.9,-7,0
38.9,-6.9,0
38.9,-6.8,0
38.9,-6.7,0
38.9,-6.6,0
38.9,-6.5,0
38.9,-6.4,0
38.9,-6.3,0
38.9,-6.2,0
38.9,-6.1,0
38.9,-6,0
38.9,-5.9,0
38.9,-5.8,0
38.9,-5.7,0
38.9,-5.6,0
38.9,-5.5,0
38.9,-5.4,0
38.9,-5.3,0
38.9,-5.2,0
38.9,-5.1,0
38.9,-5,0
38.9,-4.9,0
38.9,-4.8,0
38.9,-4.7,0
38.9,-4.6,0
38.9,-4.5,0
38.9,-4.4,0
38.9,-4.3,0
38.9,-4.2,0
38.9,-4.1,0
38.9,-4,0
38.9,-3.9,0
38.9,-3.8,0
38.9,-3.7,0
38.9,-3.6,0
38.9,-3.5,0
38.9,-3.4,0
38.9,-3.3,0
38.9,-3.2,0
38.9,-3.1,0
38.9,-3,0
38.9,-2.9,0
38.9,-2.8,0
38.9,-2.7,0
38.9,-2.6,0
38.9,-2.5,0
38.9,-2.4,0
38.9,-2.3,0
38.9,-2.2,0
38.9,-2.1,0
38.9,-2,0
38.9,-1.9,0
38.9,-1.8,0
38.9,-1.7,0
38.9,-1.6,0
38.9,-1.5,0
38.9,-1.4,0
38.9,-1.3,0
38.9,-1.2,0
38.9,-1.1,0
38.9,-1,0
38.9,-0.9,0
38.9,-0.8,0
38.9,-0.7,0
38.9,-0.6,0
38.9,-0.5,0
38.9,-0.4,0
38.9,-0.3,0
38.9,-0.2,0
38.9,-0.1,0
38.9,0,0
38.9,0.1,0
38.9,0.2,0
38.9,0.3,0
38.8,-9.6,0
38.8,-9.5,0
38.8,-9.4,0
38.8,-9.3,0
38.8,-9.2,0
38.8,-9.1,0
38.8,-9,0
38.8,-8.9,0
38.8,-8.8,0
38.8,-8.7,0
38.8,-8.6,0
38.8,-8.5,0
38.8,-8.4,0
38.8,-8.3,0
38.8,-8.2,0
38.8,-8.1,0
38.8,-8,0
38.8,-7.9,0
38.8,-7.8,0
38.8,-7.7,0
38.8,-7.6,0
38.8,-7.5,0
38.8,-7.4,0
38.8,-7.3,0
38.8,-7.2,0
38.8,-7.1,0
38.8,-7,0
38.8,-6.9,0
38.8,-6.8,0
38.8,-6.7,0
38.8,-6.6,0
38.8,-6.5,0
38.8,-6.4,0
38.8,-6.3,0
38.8,-6.2,0
38.8,-6.1,0
38.8,-6,0
38.8,-5.9,0
38.8,-5.8,0
38.8,-5.7,0
38.8,-5.6,0
38.8,-5.5,0
38.8,-5.4,0
38.8,-5.3,0
38.8,-5.2,0
38.8,-5.1,0
38.8,-5,0
38.8,-4.9,0
38.8,-4.8,0
38.8,-4.7,0
38.8,-4.6,0
38.8,-4.5,0
38.8,-4.4,0
38.8,-4.3,0
38.8,-4.2,0
38.8,-4.1,0
38.8,-4,0
38.8,-3.9,0
38.8,-3.8,0
38.8,-3.7,0
38.8,-3.6,0
38.8,-3.5,0
38.8,-3.4,0
38.8,-3.3,0
38.8,-3.2,0
38.8,-3.1,0
38.8,-3,0
38.8,-2.9,0
38.8,-2.8,0
38.8,-2.7,0
38.8,-2.6,0
38.8,-2.5,0
38.8,-2.4,0
38.8,-2.3,0
38.8,-2.2,0
38.8,-2.1,0
38.8,-2,0
38.8,-1.9,0
38.8,-1.8,0
38.8,-1.7,0
38.8,-1.6,0
38.8,-1.5,0
38.8,-1.4,0
38.8,-1.3,0
38.8,-1.2,0
38.8,-1.1,0
38.8,-1,0
38.8,-0.9,0
38.8,-0.8,0
38.8,-0.7,0
38.8,-0.6,0
38.8,-0.5,0
38.8,-0.4,0
38.8,-0.3,0
38.8,-0.2,0
38.8,-0.1,0
38.8,0,0
38.8,0.1,0
38.8,0.2,0
38.8,0.3,0
38.7,-9.5,0
38.7,-9.4,0
38.7,-9.3,0
38.7,-9.2,0
38.7,-9.1,0
38.7,-9,0
38.7,-8.9,0
38.7,-8.8,0
38.7,-8.7,0
38.7,-8.6,0
38.7,-8.5,0
38.7,-8.4,0
38.7,-8.3,0
38.7,-8.2,0
38.7,-8.1,0
38.7,-8,0
38.7,-7.9,0
38.7,-7.8,0
38.7,-7.7,0
38.7,-7.6,0
38.7,-7.5,0
38.7,-7.4,0
38.7,-7.3,0
38.7,-7.2,0
38.7,-7.1,0
38.7,-7,0
38.7,-6.9,0
38.7,-6.8,0
38.7,-6.7,0
38.7,-6.6,0
38.7,-6.5,0
38.7,-6.4,0
38.7,-6.3,0
38.7,-6.2,0
38.7,-6.1,0
38.7,-6,0
38.7,-5.9,0
38.7,-5.8,0
38.7,-5.7,0
38.7,-5.6,0
38.7,-5.5,0
38.7,-5.4,0
38.7,-5.3,0
38.7,-5.2,0
38.7,-5.1,0
38.7,-5,0
38.7,-4.9,0
38.7,-4.8,0
38.7,-4.7,0
38.7,-4.6,0
38.7,-4.5,0
38.7,-4.4,0
38.7,-4.3,0
38.7,-4.2,0
38.7,-4.1,0
38.7,-4,0
38.7,-3.9,0
38.7,-3.8,0
38.7,-3.7,0
38.7,-3.6,0
38.7,-3.5,0
38.7,-3.4,0
38.7,-3.3,0
38.7,-3.2,0
38.7,-3.1,0
38.7,-3,0
38.7,-2.9,0
38.7,-2.8,0
38.7,-2.7,0
38.7,-2.6,0
38.7,-2.5,0
38.7,-2.4,0
38.7,-2.3,0
38.7,-2.2,0
38.7,-2.1,0
38.7,-2,0
38.7,-1.9,0
38.7,-1.8,0
38.7,-1.7,0
38.7,-1.6,0
38.7,-1.5,0
38.7,-1.4,0
38.7,-1.3,0
38.7,-1.2,0
38.7,-1.1,0
38.7,-1,0
38.7,-0.9,0
38.7,-0.8,0
38.7,-0.7,0
38.7,-0.6,0
38.7,-0.5,0
38.7,-0.4,0
38.7,-0.3,0
38.7,-0.2,0
38.7,-0.1,0
38.7,0,0
38.7,0.1,0
38.7,0.2,0
38.7,0.3,0
38.6,-9.3,0
38.6,-9.2,0
38.6,-9.1,0
38.6,-9,0
38.6,-8.9,0
38.6,-8.8,0
38.6,-8.7,0
38.6,-8.6,0
38.6,-8.5,0
38.6,-8.4,0
38.6,-8.3,0
38.6,-8.2,0
38.6,-8.1,0
38.6,-8,0
38.6,-7.9,0
38.6,-7.8,0
38.6,-7.7,0
38.6,-7.6,0
38.6,-7.5,0
38.6,-7.4,0
38.6,-7.3,0
38.6,-7.2,0
38.6,-7.1,0
38.6,-7,0
38.6,-6.9,0
38.6,-6.8,0
38.6,-6.7,0
38.6,-6.6,0
38.6,-6.5,0
38.6,-6.4,0
38.6,-6.3,0
38.6,-6.2,0
38.6,-6.1,0
38.6,-6,0
38.6,-5.9,0
38.6,-5.8,0
38.6,-5.7,0
38.6,-5.6,0
38.6,-5.5,0
38.6,-5.4,0
38.6,-5.3,0
38.6,-5.2,0
38.6,-5.1,0
38.6,-5,0
38.6,-4.9,0
38.6,-4.8,0
38.6,-4.7,0
38.6,-4.6,0
38.6,-4.5,0
38.6,-4.4,0
38.6,-4.3,0
38.6,-4.2,0
38.6,-4.1,0
38.6,-4,0
38.6,-3.9,0
38.6,-3.8,0
38.6,-3.7,0
38.6,-3.6,0
38.6,-3.5,0
38.6,-3.4,0
38.6,-3.3,0
38.6,-3.2,0
38.6,-3.1,0
38.6,-3,0
38.6,-2.9,0
38.6,-2.8,0
38.6,-2.7,0
38.6,-2.6,0
38.6,-2.5,0
38.6,-2.4,0
38.6,-2.3,0
38.6,-2.2,0
38.6,-2.1,0
38.6,-2,0
38.6,-1.9,0
38.6,-1.8,0
38.6,-1.7,0
38.6,-1.6,0
38.6,-1.5,0
38.6,-1.4,0
38.6,-1.3,0
38.6,-1.2,0
38.6,-1.1,0
38.6,-1,0
38.6,-0.9,0
38.6,-0.8,0
38.6,-0.7,0
38.6,-0.6,0
38.6,-0.5,0
38.6,-0.4,0
38.6,-0.3,0
38.6,-0.2,0
38.6,-0.1,0
38.6,0,0
38.5,-9.3,0
38.5,-9.2,0
38.5,-9.1,0
38.5,-9,0
38.5,-8.9,0
38.5,-8.8,0
38.5,-8.7,0
38.5,-8.6,0
38.5,-8.5,0
38.5,-8.4,0
38.5,-8.3,0
38.5,-8.2,0
38.5,-8.1,0
38.5,-8,0
38.5,-7.9,0
38.5,-7.8,0
38.5,-7.7,0
38.5,-7.6,0
38.5,-7.5,0
38.5,-7.4,0
38.5,-7.3,0
38.5,-7.2,0
38.5,-7.1,0
38.5,-7,0
38.5,-6.9,0
38.5,-6.8,0
38.5,-6.7,0
38.5,-6.6,0
38.5,-6.5,0
38.5,-6.4,0
38.5,-6.3,0
38.5,-6.2,0
38.5,-6.1,0
38.5,-6,0
38.5,-5.9,0
38.5,-5.8,0
38.5,-5.7,0
38.5,-5.6,0
38.5,-5.5,0
38.5,-5.4,0
38.5,-5.3,0
38.5,-5.2,0
38.5,-5.1,0
38.5,-5,0
38.5,-4.9,0
38.5,-4.8,0
38.5,-4.7,0
38.5,-4.6,0
38.5,-4.5,0
38.5,-4.4,0
38.5,-4.3,0
38.5,-4.2,0
38.5,-4.1,0
38.5,-4,0
38.5,-3.9,0
38.5,-3.8,0
38.5,-3.7,0
38.5,-3.6,0
38.5,-3.5,0
38.5,-3.4,0
38.5,-3.3,0
38.5,-3.2,0
38.5,-3.1,0
38.5,-3,0
38.5,-2.9,0
38.5,-2.8,0
38.5,-2.7,0
38.5,-2.6,0
38.5,-2.5,0
38.5,-2.4,0
38.5,-2.3,0
38.5,-2.2,0
38.5,-2.1,0
38.5,-2,0
38.5,-1.9,0
38.5,-1.8,0
38.5,-1.7,0
38.5,-1.6,0
38.5,-1.5,0
38.5,-1.4,0
38.5,-1.3,0
38.5,-1.2,0
38.5,-1.1,0
38.5,-1,0
38.5,-0.9,0
38.5,-0.8,0
38.5,-0.7,0
38.5,-0.6,0
38.5,-0.5,0
38.5,-0.4,0
38.5,-0.3,0
38.5,-0.2,0
38.4,-8.9,0
38.4,-8.8,0
38.4,-8.7,0
38.4,-8.6,0
38.4,-8.5,0
38.4,-8.4,0
38.4,-8.3,0
38.4,-8.2,0
38.4,-8.1,0
38.4,-8,0
38.4,-7.9,0
38.4,-7.8,0
38.4,-7.7,0
38.4,-7.6,0
38.4,-7.5,0
38.4,-7.4,0
38.4,-7.3,0
38.4,-7.2,0
38.4,-7.1,0
38.4,-7,0
38.4,-6.9,0
38.4,-6.8,0
38.4,-6.7,0
38.4,-6.6,0
38.4,-6.5,0
38.4,-6.4,0
38.4,-6.3,0
38.4,-6.2,0
38.4,-6.1,0
38.4,-6,0
38.4,-5.9,0
38.4,-5.8,0
38.4,-5.7,0
38.4,-5.6,0
38.4,-5.5,0
38.4,-5.4,0
38.4,-5.3,0
38.4,-5.2,0
38.4,-5.1,0
38.4,-5,0
38.4,-4.9,0
38.4,-4.8,0
38.4,-4.7,0
38.4,-4.6,0
38.4,-4.5,0
38.4,-4.4,0
38.4,-4.3,0
38.4,-4.2,0
38.4,-4.1,0
38.4,-4,0
38.4,-3.9,0
38.4,-3.8,0
38.4,-3.7,0
38.4,-3.6,0
38.4,-3.5,0
38.4,-3.4,0
38.4,-3.3,0
38.4,-3.2,0
38.4,-3.1,0
38.4,-3,0
38.4,-2.9,0
38.4,-2.8,0
38.4,-2.7,0
38.4,-2.6,0
38.4,-2.5,0
38.4,-2.4,0
38.4,-2.3,0
38.4,-2.2,0
38.4,-2.1,0
38.4,-2,0
38.4,-1.9,0
38.4,-1.8,0
38.4,-1.7,0
38.4,-1.6,0
38.4,-1.5,0
38.4,-1.4,0
38.4,-1.3,0
38.4,-1.2,0
38.4,-1.1,0
38.4,-1,0
38.4,-0.9,0
38.4,-0.8,0
38.4,-0.7,0
38.4,-0.6,0
38.4,-0.5,0
38.4,-0.4,0
38.3,-8.8,0
38.3,-8.7,0
38.3,-8.6,0
38.3,-8.5,0
38.3,-8.4,0
38.3,-8.3,0
38.3,-8.2,0
38.3,-8.1,0
38.3,-8,0
38.3,-7.9,0
38.3,-7.8,0
38.3,-7.7,0
38.3,-7.6,0
38.3,-7.5,0
38.3,-7.4,0
38.3,-7.3,0
38.3,-7.2,0
38.3,-7.1,0
38.3,-7,0
38.3,-6.9,0
38.3,-6.8,0
38.3,-6.7,0
38.3,-6.6,0
38.3,-6.5,0
38.3,-6.4,0
38.3,-6.3,0
38.3,-6.2,0
38.3,-6.1,0
38.3,-6,0
38.3,-5.9,0
38.3,-5.8,0
38.3,-5.7,0
38.3,-5.6,0
38.3,-5.5,0
38.3,-5.4,0
38.3,-5.3,0
38.3,-5.2,0
38.3,-5.1,0
38.3,-5,0
38.3,-4.9,0
38.3,-4.8,0
38.3,-4.7,0
38.3,-4.6,0
38.3,-4.5,0
38.3,-4.4,0
38.3,-4.3,0
38.3,-4.2,0
38.3,-4.1,0
38.3,-4,0
38.3,-3.9,0
38.3,-3.8,0
38.3,-3.7,0
38.3,-3.6,0
38.3,-3.5,0
38.3,-3.4,0
38.3,-3.3,0
38.3,-3.2,0
38.3,-3.1,0
38.3,-3,0
38.3,-2.9,0
38.3,-2.8,0
38.3,-2.7,0
38.3,-2.6,0
38.3,-2.5,0
38.3,-2.4,0
38.3,-2.3,0
38.3,-2.2,0
38.3,-2.1,0
38.3,-2,0
38.3,-1.9,0
38.3,-1.8,0
38.3,-1.7,0
38.3,-1.6,0
38.3,-1.5,0
38.3,-1.4,0
38.3,-1.3,0
38.3,-1.2,0
38.3,-1.1,0
38.3,-1,0
38.3,-0.9,0
38.3,-0.8,0
38.3,-0.7,0
38.3,-0.6,0
38.3,-0.5,0
38.2,-8.9,0
38.2,-8.8,0
38.2,-8.7,0
38.2,-8.6,0
38.2,-8.5,0
38.2,-8.4,0
38.2,-8.3,0
38.2,-8.2,0
38.2,-8.1,0
38.2,-8,0
38.2,-7.9,0
38.2,-7.8,0
38.2,-7.7,0
38.2,-7.6,0
38.2,-7.5,0
38.2,-7.4,0
38.2,-7.3,0
38.2,-7.2,0
38.2,-7.1,0
38.2,-7,0
38.2,-6.9,0
38.2,-6.8,0
38.2,-6.7,0
38.2,-6.6,0
38.2,-6.5,0
38.2,-6.4,0
38.2,-6.3,0
38.2,-6.2,0
38.2,-6.1,0
38.2,-6,0
38.2,-5.9,0
38.2,-5.8,0
38.2,-5.7,0
38.2,-5.6,0
38.2,-5.5,0
38.2,-5.4,0
38.2,-5.3,0
38.2,-5.2,0
38.2,-5.1,0
38.2,-5,0
38.2,-4.9,0
38.2,-4.8,0
38.2,-4.7,0
38.2,-4.6,0
38.2,-4.5,0
38.2,-4.4,0
38.2,-4.3,0
38.2,-4.2,0
38.2,-4.1,0
38.2,-4,0
38.2,-3.9,0
38.2,-3.8,0
38.2,-3.7,0
38.2,-3.6,0
38.2,-3.5,0
38.2,-3.4,0
38.2,-3.3,0
38.2,-3.2,0
38.2,-3.1,0
38.2,-3,0
38.2,-2.9,0
38.2,-2.8,0
38.2,-2.7,0
38.2,-2.6,0
38.2,-2.5,0
38.2,-2.4,0
38.2,-2.3,0
38.2,-2.2,0
38.2,-2.1,0
38.2,-2,0
38.2,-1.9,0
38.2,-1.8,0
38.2,-1.7,0
38.2,-1.6,0
38.2,-1.5,0
38.2,-1.4,0
38.2,-1.3,0
38.2,-1.2,0
38.2,-1.1,0
38.2,-1,0
38.2,-0.9,0
38.2,-0.8,0
38.2,-0.7,0
38.2,-0.6,0
38.2,-0.5,0
38.1,-8.9,0
38.1,-8.8,0
38.1,-8.7,0
38.1,-8.6,0
38.1,-8.5,0
38.1,-8.4,0
38.1,-8.3,0
38.1,-8.2,0
38.1,-8.1,0
38.1,-8,0
38.1,-7.9,0
38.1,-7.8,0
38.1,-7.7,0
38.1,-7.6,0
38.1,-7.5,0
38.1,-7.4,0
38.1,-7.3,0
38.1,-7.2,0
38.1,-7.1,0
38.1,-7,0
38.1,-6.9,0
38.1,-6.8,0
38.1,-6.7,0
38.1,-6.6,0
38.1,-6.5,0
38.1,-6.4,0
38.1,-6.3,0
38.1,-6.2,0
38.1,-6.1,0
38.1,-6,0
38.1,-5.9,0
38.1,-5.8,0
38.1,-5.7,0
38.1,-5.6,0
38.1,-5.5,0
38.1,-5.4,0
38.1,-5.3,0
38.1,-5.2,0
38.1,-5.1,0
38.1,-5,0
38.1,-4.9,0
38.1,-4.8,0
38.1,-4.7,0
38.1,-4.6,0
38.1,-4.5,0
38.1,-4.4,0
38.1,-4.3,0
38.1,-4.2,0
38.1,-4.1,0
38.1,-4,0
38.1,-3.9,0
38.1,-3.8,0
38.1,-3.7,0
38.1,-3.6,0
38.1,-3.5,0
38.1,-3.4,0
38.1,-3.3,0
38.1,-3.2,0
38.1,-3.1,0
38.1,-3,0
38.1,-2.9,0
38.1,-2.8,0
38.1,-2.7,0
38.1,-2.6,0
38.1,-2.5,0
38.1,-2.4,0
38.1,-2.3,0
38.1,-2.2,0
38.1,-2.1,0
38.1,-2,0
38.1,-1.9,0
38.1,-1.8,0
38.1,-1.7,0
38.1,-1.6,0
38.1,-1.5,0
38.1,-1.4,0
38.1,-1.3,0
38.1,-1.2,0
38.1,-1.1,0
38.1,-1,0
38.1,-0.9,0
38.1,-0.8,0
38.1,-0.7,0
38.1,-0.6,0
38,-8.9,0
38,-8.8,0
38,-8.7,0
38,-8.6,0
38,-8.5,0
38,-8.4,0
38,-8.3,0
38,-8.2,0
38,-8.1,0
38,-8,0
38,-7.9,0
38,-7.8,0
38,-7.7,0
38,-7.6,0
38,-7.5,0
38,-7.4,0
38,-7.3,0
38,-7.2,0
38,-7.1,0
38,-7,0
38,-6.9,0
38,-6.8,0
38,-6.7,0
38,-6.6,0
38,-6.5,0
38,-6.4,0
38,-6.3,0
38,-6.2,0
38,-6.1,0
38,-6,0
38,-5.9,0
38,-5.8,0
38,-5.7,0
38,-5.6,0
38,-5.5,0
38,-5.4,0
38,-5.3,0
38,-5.2,0
38,-5.1,0
38,-5,0
38,-4.9,0
38,-4.8,0
38,-4.7,0
38,-4.6,0
38,-4.5,0
38,-4.4,0
38,-4.3,0
38,-4.2,0
38,-4.1,0
38,-4,0
38,-3.9,0
38,-3.8,0
38,-3.7,0
38,-3.6,0
38,-3.5,0
38,-3.4,0
38,-3.3,0
38,-3.2,0
38,-3.1,0
38,-3,0
38,-2.9,0
38,-2.8,0
38,-2.7,0
38,-2.6,0
38,-2.5,0
38,-2.4,0
38,-2.3,0
38,-2.2,0
38,-2.1,0
38,-2,0
38,-1.9,0
38,-1.8,0
38,-1.7,0
38,-1.6,0
38,-1.5,0
38,-1.4,0
38,-1.3,0
38,-1.2,0
38,-1.1,0
38,-1,0
38,-0.9,0
38,-0.8,0
38,-0.7,0
38,-0.6,0
37.9,-8.8,0
37.9,-8.7,0
37.9,-8.6,0
37.9,-8.5,0
37.9,-8.4,0
37.9,-8.3,0
37.9,-8.2,0
37.9,-8.1,0
37.9,-8,0
37.9,-7.9,0
37.9,-7.8,0
37.9,-7.7,0
37.9,-7.6,0
37.9,-7.5,0
37.9,-7.4,0
37.9,-7.3,0
37.9,-7.2,0
37.9,-7.1,0
37.9,-7,0
37.9,-6.9,0
37.9,-6.8,0
37.9,-6.7,0
37.9,-6.6,0
37.9,-6.5,0
37.9,-6.4,0
37.9,-6.3,0
37.9,-6.2,0
37.9,-6.1,0
37.9,-6,0
37.9,-5.9,0
37.9,-5.8,0
37.9,-5.7,0
37.9,-5.6,0
37.9,-5.5,0
37.9,-5.4,0
37.9,-5.3,0
37.9,-5.2,0
37.9,-5.1,0
37.9,-5,0
37.9,-4.9,0
37.9,-4.8,0
37.9,-4.7,0
37.9,-4.6,0
37.9,-4.5,0
37.9,-4.4,0
37.9,-4.3,0
37.9,-4.2,0
37.9,-4.1,0
37.9,-4,0
37.9,-3.9,0
37.9,-3.8,0
37.9,-3.7,0
37.9,-3.6,0
37.9,-3.5,0
37.9,-3.4,0
37.9,-3.3,0
37.9,-3.2,0
37.9,-3.1,0
37.9,-3,0
37.9,-2.9,0
37.9,-2.8,0
37.9,-2.7,0
37.9,-2.6,0
37.9,-2.5,0
37.9,-2.4,0
37.9,-2.3,0
37.9,-2.2,0
37.9,-2.1,0
37.9,-2,0
37.9,-1.9,0
37.9,-1.8,0
37.9,-1.7,0
37.9,-1.6,0
37.9,-1.5,0
37.9,-1.4,0
37.9,-1.3,0
37.9,-1.2,0
37.9,-1.1,0
37.9,-1,0
37.9,-0.9,0
37.9,-0.8,0
37.9,-0.7,0
37.8,-8.9,0
37.8,-8.8,0
37.8,-8.7,0
37.8,-8.6,0
37.8,-8.5,0
37.8,-8.4,0
37.8,-8.3,0
37.8,-8.2,0
37.8,-8.1,0
37.8,-8,0
37.8,-7.9,0
37.8,-7.8,0
37.8,-7.7,0
37.8,-7.6,0
37.8,-7.5,0
37.8,-7.4,0
37.8,-7.3,0
37.8,-7.2,0
37.8,-7.1,0
37.8,-7,0
37.8,-6.9,0
37.8,-6.8,0
37.8,-6.7,0
37.8,-6.6,0
37.8,-6.5,0
37.8,-6.4,0
37.8,-6.3,0
37.8,-6.2,0
37.8,-6.1,0
37.8,-6,0
37.8,-5.9,0
37.8,-5.8,0
37.8,-5.7,0
37.8,-5.6,0
37.8,-5.5,0
37.8,-5.4,0
37.8,-5.3,0
37.8,-5.2,0
37.8,-5.1,0
37.8,-5,0
37.8,-4.9,0
37.8,-4.8,0
37.8,-4.7,0
37.8,-4.6,0
37.8,-4.5,0
37.8,-4.4,0
37.8,-4.3,0
37.8,-4.2,0
37.8,-4.1,0
37.8,-4,0
37.8,-3.9,0
37.8,-3.8,0
37.8,-3.7,0
37.8,-3.6,0
37.8,-3.5,0
37.8,-3.4,0
37.8,-3.3,0
37.8,-3.2,0
37.8,-3.1,0
37.8,-3,0
37.8,-2.9,0
37.8,-2.8,0
37.8,-2.7,0
37.8,-2.6,0
37.8,-2.5,0
37.8,-2.4,0
37.8,-2.3,0
37.8,-2.2,0
37.8,-2.1,0
37.8,-2,0
37.8,-1.9,0
37.8,-1.8,0
37.8,-1.7,0
37.8,-1.6,0
37.8,-1.5,0
37.8,-1.4,0
37.8,-1.3,0
37.8,-1.2,0
37.8,-1.1,0
37.8,-1,0
37.8,-0.9,0
37.8,-0.8,0
37.8,-0.7,0
37.7,-8.9,0
37.7,-8.8,0
37.7,-8.7,0
37.7,-8.6,0
37.7,-8.5,0
37.7,-8.4,0
37.7,-8.3,0
37.7,-8.2,0
37.7,-8.1,0
37.7,-8,0
37.7,-7.9,0
37.7,-7.8,0
37.7,-7.7,0
37.7,-7.6,0
37.7,-7.5,0
37.7,-7.4,0
37.7,-7.3,0
37.7,-7.2,0
37.7,-7.1,0
37.7,-7,0
37.7,-6.9,0
37.7,-6.8,0
37.7,-6.7,0
37.7,-6.6,0
37.7,-6.5,0
37.7,-6.4,0
37.7,-6.3,0
37.7,-6.2,0
37.7,-6.1,0
37.7,-6,0
37.7,-5.9,0
37.7,-5.8,0
37.7,-5.7,0
37.7,-5.6,0
37.7,-5.5,0
37.7,-5.4,0
37.7,-5.3,0
37.7,-5.2,0
37.7,-5.1,0
37.7,-5,0
37.7,-4.9,0
37.7,-4.8,0
37.7,-4.7,0
37.7,-4.6,0
37.7,-4.5,0
37.7,-4.4,0
37.7,-4.3,0
37.7,-4.2,0
37.7,-4.1,0
37.7,-4,0
37.7,-3.9,0
37.7,-3.8,0
37.7,-3.7,0
37.7,-3.6,0
37.7,-3.5,0
37.7,-3.4,0
37.7,-3.3,0
37.7,-3.2,0
37.7,-3.1,0
37.7,-3,0
37.7,-2.9,0
37.7,-2.8,0
37.7,-2.7,0
37.7,-2.6,0
37.7,-2.5,0
37.7,-2.4,0
37.7,-2.3,0
37.7,-2.2,0
37.7,-2.1,0
37.7,-2,0
37.7,-1.9,0
37.7,-1.8,0
37.7,-1.7,0
37.7,-1.6,0
37.7,-1.5,0
37.7,-1.4,0
37.7,-1.3,0
37.7,-1.2,0
37.7,-1.1,0
37.7,-1,0
37.7,-0.9,0
37.7,-0.8,0
37.7,-0.7,0
37.7,-0.6,0
37.6,-8.9,0
37.6,-8.8,0
37.6,-8.7,0
37.6,-8.6,0
37.6,-8.5,0
37.6,-8.4,0
37.6,-8.3,0
37.6,-8.2,0
37.6,-8.1,0
37.6,-8,0
37.6,-7.9,0
37.6,-7.8,0
37.6,-7.7,0
37.6,-7.6,0
37.6,-7.5,0
37.6,-7.4,0
37.6,-7.3,0
37.6,-7.2,0
37.6,-7.1,0
37.6,-7,0
37.6,-6.9,0
37.6,-6.8,0
37.6,-6.7,0
37.6,-6.6,0
37.6,-6.5,0
37.6,-6.4,0
37.6,-6.3,0
37.6,-6.2,0
37.6,-6.1,0
37.6,-6,0
37.6,-5.9,0
37.6,-5.8,0
37.6,-5.7,0
37.6,-5.6,0
37.6,-5.5,0
37.6,-5.4,0
37.6,-5.3,0
37.6,-5.2,0
37.6,-5.1,0
37.6,-5,0
37.6,-4.9,0
37.6,-4.8,0
37.6,-4.7,0
37.6,-4.6,0
37.6,-4.5,0
37.6,-4.4,0
37.6,-4.3,0
37.6,-4.2,0
37.6,-4.1,0
37.6,-4,0
37.6,-3.9,0
37.6,-3.8,0
37.6,-3.7,0
37.6,-3.6,0
37.6,-3.5,0
37.6,-3.4,0
37.6,-3.3,0
37.6,-3.2,0
37.6,-3.1,0
37.6,-3,0
37.6,-2.9,0
37.6,-2.8,0
37.6,-2.7,0
37.6,-2.6,0
37.6,-2.5,0
37.6,-2.4,0
37.6,-2.3,0
37.6,-2.2,0
37.6,-2.1,0
37.6,-2,0
37.6,-1.9,0
37.6,-1.8,0
37.6,-1.7,0
37.6,-1.6,0
37.6,-1.5,0
37.6,-1.4,0
37.6,-1.3,0
37.6,-1.2,0
37.6,-1.1,0
37.6,-1,0
37.6,-0.9,0
37.6,-0.8,0
37.6,-0.7,0
37.5,-8.9,0
37.5,-8.8,0
37.5,-8.7,0
37.5,-8.6,0
37.5,-8.5,0
37.5,-8.4,0
37.5,-8.3,0
37.5,-8.2,0
37.5,-8.1,0
37.5,-8,0
37.5,-7.9,0
37.5,-7.8,0
37.5,-7.7,0
37.5,-7.6,0
37.5,-7.5,0
37.5,-7.4,0
37.5,-7.3,0
37.5,-7.2,0
37.5,-7.1,0
37.5,-7,0
37.5,-6.9,0
37.5,-6.8,0
37.5,-6.7,0
37.5,-6.6,0
37.5,-6.5,0
37.5,-6.4,0
37.5,-6.3,0
37.5,-6.2,0
37.5,-6.1,0
37.5,-6,0
37.5,-5.9,0
37.5,-5.8,0
37.5,-5.7,0
37.5,-5.6,0
37.5,-5.5,0
37.5,-5.4,0
37.5,-5.3,0
37.5,-5.2,0
37.5,-5.1,0
37.5,-5,0
37.5,-4.9,0
37.5,-4.8,0
37.5,-4.7,0
37.5,-4.6,0
37.5,-4.5,0
37.5,-4.4,0
37.5,-4.3,0
37.5,-4.2,0
37.5,-4.1,0
37.5,-4,0
37.5,-3.9,0
37.5,-3.8,0
37.5,-3.7,0
37.5,-3.6,0
37.5,-3.5,0
37.5,-3.4,0
37.5,-3.3,0
37.5,-3.2,0
37.5,-3.1,0
37.5,-3,0
37.5,-2.9,0
37.5,-2.8,0
37.5,-2.7,0
37.5,-2.6,0
37.5,-2.5,0
37.5,-2.4,0
37.5,-2.3,0
37.5,-2.2,0
37.5,-2.1,0
37.5,-2,0
37.5,-1.9,0
37.5,-1.8,0
37.5,-1.7,0
37.5,-1.6,0
37.5,-1.5,0
37.5,-1.4,0
37.4,-8.9,0
37.4,-8.8,0
37.4,-8.7,0
37.4,-8.6,0
37.4,-8.5,0
37.4,-8.4,0
37.4,-8.3,0
37.4,-8.2,0
37.4,-8.1,0
37.4,-8,0
37.4,-7.9,0
37.4,-7.8,0
37.4,-7.7,0
37.4,-7.6,0
37.4,-7.5,0
37.4,-7.4,0
37.4,-7.3,0
37.4,-7.2,0
37.4,-7.1,0
37.4,-7,0
37.4,-6.9,0
37.4,-6.8,0
37.4,-6.7,0
37.4,-6.6,0
37.4,-6.5,0
37.4,-6.4,0
37.4,-6.3,0
37.4,-6.2,0
37.4,-6.1,0
37.4,-6,0
37.4,-5.9,0
37.4,-5.8,0
37.4,-5.7,0
37.4,-5.6,0
37.4,-5.5,0
37.4,-5.4,0
37.4,-5.3,0
37.4,-5.2,0
37.4,-5.1,0
37.4,-5,0
37.4,-4.9,0
37.4,-4.8,0
37.4,-4.7,0
37.4,-4.6,0
37.4,-4.5,0
37.4,-4.4,0
37.4,-4.3,0
37.4,-4.2,0
37.4,-4.1,0
37.4,-4,0
37.4,-3.9,0
37.4,-3.8,0
37.4,-3.7,0
37.4,-3.6,0
37.4,-3.5,0
37.4,-3.4,0
37.4,-3.3,0
37.4,-3.2,0
37.4,-3.1,0
37.4,-3,0
37.4,-2.9,0
37.4,-2.8,0
37.4,-2.7,0
37.4,-2.6,0
37.4,-2.5,0
37.4,-2.4,0
37.4,-2.3,0
37.4,-2.2,0
37.4,-2.1,0
37.4,-2,0
37.4,-1.9,0
37.4,-1.8,0
37.4,-1.7,0
37.4,-1.6,0
37.4,-1.5,0
37.3,-9,0
37.3,-8.9,0
37.3,-8.8,0
37.3,-8.7,0
37.3,-8.6,0
37.3,-8.5,0
37.3,-8.4,0
37.3,-8.3,0
37.3,-8.2,0
37.3,-8.1,0
37.3,-8,0
37.3,-7.9,0
37.3,-7.8,0
37.3,-7.7,0
37.3,-7.6,0
37.3,-7.5,0
37.3,-7.4,0
37.3,-7.3,0
37.3,-7.2,0
37.3,-7.1,0
37.3,-7,0
37.3,-6.9,0
37.3,-6.8,0
37.3,-6.7,0
37.3,-6.6,0
37.3,-6.5,0
37.3,-6.4,0
37.3,-6.3,0
37.3,-6.2,0
37.3,-6.1,0
37.3,-6,0
37.3,-5.9,0
37.3,-5.8,0
37.3,-5.7,0
37.3,-5.6,0
37.3,-5.5,0
37.3,-5.4,0
37.3,-5.3,0
37.3,-5.2,0
37.3,-5.1,0
37.3,-5,0
37.3,-4.9,0
37.3,-4.8,0
37.3,-4.7,0
37.3,-4.6,0
37.3,-4.5,0
37.3,-4.4,0
37.3,-4.3,0
37.3,-4.2,0
37.3,-4.1,0
37.3,-4,0
37.3,-3.9,0
37.3,-3.8,0
37.3,-3.7,0
37.3,-3.6,0
37.3,-3.5,0
37.3,-3.4,0
37.3,-3.3,0
37.3,-3.2,0
37.3,-3.1,0
37.3,-3,0
37.3,-2.9,0
37.3,-2.8,0
37.3,-2.7,0
37.3,-2.6,0
37.3,-2.5,0
37.3,-2.4,0
37.3,-2.3,0
37.3,-2.2,0
37.3,-2.1,0
37.3,-2,0
37.3,-1.9,0
37.3,-1.8,0
37.3,-1.7,0
37.2,-9,0
37.2,-8.9,0
37.2,-8.8,0
37.2,-8.7,0
37.2,-8.6,0
37.2,-8.5,0
37.2,-8.4,0
37.2,-8.3,0
37.2,-8.2,0
37.2,-8.1,0
37.2,-8,0
37.2,-7.9,0
37.2,-7.8,0
37.2,-7.7,0
37.2,-7.6,0
37.2,-7.5,0
37.2,-7.4,0
37.2,-7.3,0
37.2,-7.2,0
37.2,-7.1,0
37.2,-7,0
37.2,-6.9,0
37.2,-6.8,0
37.2,-6.7,0
37.2,-6.6,0
37.2,-6.5,0
37.2,-6.4,0
37.2,-6.3,0
37.2,-6.2,0
37.2,-6.1,0
37.2,-6,0
37.2,-5.9,0
37.2,-5.8,0
37.2,-5.7,0
37.2,-5.6,0
37.2,-5.5,0
37.2,-5.4,0
37.2,-5.3,0
37.2,-5.2,0
37.2,-5.1,0
37.2,-5,0
37.2,-4.9,0
37.2,-4.8,0
37.2,-4.7,0
37.2,-4.6,0
37.2,-4.5,0
37.2,-4.4,0
37.2,-4.3,0
37.2,-4.2,0
37.2,-4.1,0
37.2,-4,0
37.2,-3.9,0
37.2,-3.8,0
37.2,-3.7,0
37.2,-3.6,0
37.2,-3.5,0
37.2,-3.4,0
37.2,-3.3,0
37.2,-3.2,0
37.2,-3.1,0
37.2,-3,0
37.2,-2.9,0
37.2,-2.8,0
37.2,-2.7,0
37.2,-2.6,0
37.2,-2.5,0
37.2,-2.4,0
37.2,-2.3,0
37.2,-2.2,0
37.2,-2.1,0
37.2,-2,0
37.2,-1.9,0
37.2,-1.8,0
37.1,-9,0
37.1,-8.9,0
37.1,-8.8,0
37.1,-8.7,0
37.1,-8.6,0
37.1,-8.5,0
37.1,-8.4,0
37.1,-8.3,0
37.1,-8.2,0
37.1,-8.1,0
37.1,-8,0
37.1,-7.9,0
37.1,-7.8,0
37.1,-7.7,0
37.1,-7.6,0
37.1,-6.8,0
37.1,-6.7,0
37.1,-6.6,0
37.1,-6.5,0
37.1,-6.4,0
37.1,-6.3,0
37.1,-6.2,0
37.1,-6.1,0
37.1,-6,0
37.1,-5.9,0
37.1,-5.8,0
37.1,-5.7,0
37.1,-5.6,0
37.1,-5.5,0
37.1,-5.4,0
37.1,-5.3,0
37.1,-5.2,0
37.1,-5.1,0
37.1,-5,0
37.1,-4.9,0
37.1,-4.8,0
37.1,-4.7,0
37.1,-4.6,0
37.1,-4.5,0
37.1,-4.4,0
37.1,-4.3,0
37.1,-4.2,0
37.1,-4.1,0
37.1,-4,0
37.1,-3.9,0
37.1,-3.8,0
37.1,-3.7,0
37.1,-3.6,0
37.1,-3.5,0
37.1,-3.4,0
37.1,-3.3,0
37.1,-3.2,0
37.1,-3.1,0
37.1,-3,0
37.1,-2.9,0
37.1,-2.8,0
37.1,-2.7,0
37.1,-2.6,0
37.1,-2.5,0
37.1,-2.4,0
37.1,-2.3,0
37.1,-2.2,0
37.1,-2.1,0
37.1,-2,0
37.1,-1.9,0
37.1,-1.8,0
37,-8,0
37,-7.9,0
37,-7.8,0
37,-7.7,0
37,-6.6,0
37,-6.5,0
37,-6.4,0
37,-6.3,0
37,-6.2,0
37,-6.1,0
37,-6,0
37,-5.9,0
37,-5.8,0
37,-5.7,0
37,-5.6,0
37,-5.5,0
37,-5.4,0
37,-5.3,0
37,-5.2,0
37,-5.1,0
37,-5,0
37,-4.9,0
37,-4.8,0
37,-4.7,0
37,-4.6,0
37,-4.5,0
37,-4.4,0
37,-4.3,0
37,-4.2,0
37,-4.1,0
37,-4,0
37,-3.9,0
37,-3.8,0
37,-3.7,0
37,-3.6,0
37,-3.5,0
37,-3.4,0
37,-3.3,0
37,-3.2,0
37,-3.1,0
37,-3,0
37,-2.9,0
37,-2.8,0
37,-2.7,0
37,-2.6,0
37,-2.5,0
37,-2.4,0
37,-2.3,0
37,-2.2,0
37,-2.1,0
37,-2,0
37,-1.9,0
37,-1.8,0
36.9,-6.5,0
36.9,-6.4,0
36.9,-6.3,0
36.9,-6.2,0
36.9,-6.1,0
36.9,-6,0
36.9,-5.9,0
36.9,-5.8,0
36.9,-5.7,0
36.9,-5.6,0
36.9,-5.5,0
36.9,-5.4,0
36.9,-5.3,0
36.9,-5.2,0
36.9,-5.1,0
36.9,-5,0
36.9,-4.9,0
36.9,-4.8,0
36.9,-4.7,0
36.9,-4.6,0
36.9,-4.5,0
36.9,-4.4,0
36.9,-4.3,0
36.9,-4.2,0
36.9,-4.1,0
36.9,-4,0
36.9,-3.9,0
36.9,-3.8,0
36.9,-3.7,0
36.9,-3.6,0
36.9,-3.5,0
36.9,-3.4,0
36.9,-3.3,0
36.9,-3.2,0
36.9,-3.1,0
36.9,-3,0
36.9,-2.9,0
36.9,-2.8,0
36.9,-2.7,0
36.9,-2.6,0
36.9,-2.5,0
36.9,-2.4,0
36.9,-2.3,0
36.9,-2.2,0
36.9,-2.1,0
36.9,-2,0
36.9,-1.9,0
36.8,-6.5,0
36.8,-6.4,0
36.8,-6.3,0
36.8,-6.2,0
36.8,-6.1,0
36.8,-6,0
36.8,-5.9,0
36.8,-5.8,0
36.8,-5.7,0
36.8,-5.6,0
36.8,-5.5,0
36.8,-5.4,0
36.8,-5.3,0
36.8,-5.2,0
36.8,-5.1,0
36.8,-5,0
36.8,-4.9,0
36.8,-4.8,0
36.8,-4.7,0
36.8,-4.6,0
36.8,-4.5,0
36.8,-4.4,0
36.8,-4.3,0
36.8,-4.2,0
36.8,-4.1,0
36.8,-4,0
36.8,-3.9,0
36.8,-3.8,0
36.8,-3.7,0
36.8,-3.6,0
36.8,-3.5,0
36.8,-3.4,0
36.8,-3.3,0
36.8,-3.2,0
36.8,-3.1,0
36.8,-3,0
36.8,-2.9,0
36.8,-2.8,0
36.8,-2.7,0
36.8,-2.6,0
36.8,-2.5,0
36.8,-2.3,0
36.8,-2.2,0
36.8,-2.1,0
36.8,-2,0
36.7,-6.5,0
36.7,-6.4,0
36.7,-6.3,0
36.7,-6.2,0
36.7,-6.1,0
36.7,-6,0
36.7,-5.9,0
36.7,-5.8,0
36.7,-5.7,0
36.7,-5.6,0
36.7,-5.5,0
36.7,-5.4,0
36.7,-5.3,0
36.7,-5.2,0
36.7,-5.1,0
36.7,-5,0
36.7,-4.9,0
36.7,-4.8,0
36.7,-4.7,0
36.7,-4.6,0
36.7,-4.5,0
36.7,-4.4,0
36.7,-3.5,0
36.7,-3.4,0
36.7,-3.3,0
36.7,-2.9,0
36.7,-2.8,0
36.7,-2.7,0
36.7,-2.6,0
36.6,-6.4,0
36.6,-6.3,0
36.6,-6.2,0
36.6,-6.1,0
36.6,-6,0
36.6,-5.9,0
36.6,-5.8,0
36.6,-5.7,0
36.6,-5.6,0
36.6,-5.5,0
36.6,-5.4,0
36.6,-5.3,0
36.6,-5.2,0
36.6,-5.1,0
36.6,-5,0
36.6,-4.9,0
36.6,-4.8,0
36.6,-4.7,0
36.6,-4.6,0
36.6,-4.5,0
36.5,-6.3,0
36.5,-6.2,0
36.5,-6.1,0
36.5,-6,0
36.5,-5.9,0
36.5,-5.8,0
36.5,-5.7,0
36.5,-5.6,0
36.5,-5.5,0
36.5,-5.4,0
36.5,-5.3,0
36.5,-5.2,0
36.5,-5.1,0
36.5,-5,0
36.5,-4.9,0
36.5,-4.8,0
36.5,-4.7,0
36.5,-4.6,0
36.4,-6.3,0
36.4,-6.2,0
36.4,-6.1,0
36.4,-6,0
36.4,-5.9,0
36.4,-5.8,0
36.4,-5.7,0
36.4,-5.6,0
36.4,-5.5,0
36.4,-5.4,0
36.4,-5.3,0
36.4,-5.2,0
36.4,-5.1,0
36.3,-6.2,0
36.3,-6.1,0
36.3,-6,0
36.3,-5.9,0
36.3,-5.8,0
36.3,-5.7,0
36.3,-5.6,0
36.3,-5.5,0
36.3,-5.4,0
36.3,-5.3,0
36.3,-5.2,0
36.2,-6.1,0
36.2,-6,0
36.2,-5.9,0
36.2,-5.8,0
36.2,-5.7,0
36.2,-5.6,0
36.2,-5.5,0
36.2,-5.4,0
36.2,-5.3,0
36.1,-5.9,0
36.1,-5.8,0
36.1,-5.7,0
36.1,-5.6,0
36.1,-5.5,0
36.1,-5.4,0
