60.374,5.3404,5.2
59.733,10.212,2
59.742,10.213,2
59.138,9.6521,1.2
59.159,9.6357,1.5
58.149,7.9918,0.8
61.113,10.465,2.7
61.121,10.466,0.7
60.791,10.697,1.6
58.962,5.7315,0.7
58.964,5.7279,3.6
69.656,18.964,7.5
69.649,18.955,2
63.433,10.411,1.1
63.419,10.396,2.6
63.43,10.394,5.2
59.928,10.846,2
59.919,10.697,3.8
59.911,10.704,0.9
59.932,10.724,3.2
59.899,10.815,2.5
59.92,10.69,5.9
59.923,10.766,0.9
59.941,10.798,4.4
59.933,10.67,5.5
59.906,10.609,2.9
60.796,11.098,2.5
63.358,10.372,2.3
59.264,10.411,0.6
59.264,10.411,3.3
59.955,11.074,2.2
59.955,11.074,1.6
59.211,10.94,6.5
59.21,10.947,2.6
52.42,4.8321,13.6
52.398,4.7286,9.3
52.36,4.8662,10.9
52.394,4.8702,17.1
52.339,4.841,17
52.381,4.8452,15.5
52.428,4.773,16.6
52.375,4.8603,16.1
52.358,4.8997,16.7
52.39,4.8878,13.6
52.804,5.0505,9
52.257,5.2359,14.4
52.334,4.774,14
52.489,4.6405,22.7
52.448,4.8167,11.6
52.235,5.1816,15.1
52.327,4.7151,13
52.463,4.6018,18.5
52.494,4.602,18.1
52.28,4.7708,12.2
52.474,4.6288,2
52.479,4.5793,18.9
51.541,5.8531,7.4
50.902,5.8817,3.9
50.9,5.9869,4.3
50.888,5.9705,4.1
51.454,6.1082,9.2
50.852,5.6758,15.1
50.846,5.7148,18.8
50.984,5.8222,16.4
51.518,5.1485,11.3
51.434,4.3598,22
51.603,4.781,16.2
51.407,5.3933,7.4
51.469,5.4723,9.9
51.444,5.4448,11.1
51.594,4.8249,17.8
51.547,5.8382,8.3
51.536,5.8086,8.3
51.654,4.5153,9.1
51.669,4.5417,5.1
51.653,4.5949,9.2
51.294,3.7495,4.6
51.465,3.745,2
51.787,4.4505,15.8
52.297,4.5108,14.1
52.077,4.2892,19.3
51.914,4.4799,14.8
51.801,4.7082,12.3
52.039,4.3594,17
51.91,4.3263,22.6
52.075,4.3159,19.2
52.168,4.5076,8.2
51.927,4.4613,24.8
51.867,4.3552,11.5
51.894,4.4876,13
51.921,4.4014,22
51.932,4.228,23.4
51.87,4.3181,31.7
51.869,4.5801,13.5
51.939,4.4307,22.8
51.888,4.3888,24.6
51.978,4.1212,21.9
52.449,5.6192,7.7
52.423,5.5934,5.7
52.138,4.8382,11.6
51.974,4.9233,15.5
52.101,5.1282,17.6
52.105,5.1245,5.9
52.068,5.1205,8.9
52.202,4.9874,14.8
52.092,6.6054,3.4
52.112,5.7084,3.9
51.838,5.8569,7.4
51.841,5.8578,9.6
52.388,6.4029,4.8
52.654,6.0176,7.9
52.235,6.9195,8.5
52.917,5.5735,8.5
53.33,6.2768,4.3
52.876,6.9324,2
53.247,6.6089,4.5
53.218,6.5789,5.8
51.608,4.7894,13.3
51.393,4.3202,15.6
51.699,4.6237,16.4
52.371,4.6423,10.7
52.476,4.6274,18.7
51.858,4.6601,15.2
51.891,4.4807,17.4
51.713,4.5832,15.4
52.442,4.8292,11.6
52.37,4.8952,21.8
51.931,4.4792,24.8
47.478,8.3644,3.6
47.377,8.5306,3.8
47.403,8.6133,4.9
47.403,8.6133,4.9
47.439,8.5701,7
47.407,9.3943,2.9
47.427,9.374,11
46.815,9.8558,1
46.855,9.5071,2.8
47.48,8.9047,2.5
46.951,7.4408,4.7
46.522,6.6397,6.5
46.813,6.9444,2.5
46.011,8.9572,2.6
46.16,8.9339,1.4
47.541,7.5833,2.4
47.312,7.8206,5.4
46.22,7.3419,1.8
47.049,6.9792,2.9
47.068,8.4633,2.2
47.136,9.5209,2.8
47.399,8.4462,11.6
47.508,8.7204,4.5
47.102,9.3376,5.3
47.102,9.3376,5.3
47.102,9.3376,2.4
47.184,9.4463,14.4
47.664,9.1693,7.5
47.424,9.3767,11
50.094,14.442,8.6
50.122,14.468,8.3
50.072,14.431,13.3
50.007,14.446,9.6
50.062,14.538,22.5
50.081,14.443,11.4
50.073,14.398,47.3
50.046,14.331,19.9
50.127,14.385,5.8
50.066,14.446,16.4
50.111,14.503,27.7
50.111,14.503,15.2
50.107,14.257,9.4
49.216,16.614,8.7
49.165,16.581,20
49.208,16.643,14.5
49.19,16.57,6.5
49.186,16.614,7.3
49.198,16.594,7.6
49.149,16.696,9.1
48.881,16.086,4.5
48.792,16.724,3
48.843,16.06,3.9
49.203,16.616,11.7
49.189,16.627,7.1
48.857,17.131,3
49.213,16.678,14.5
49.208,16.778,2.5
49.219,16.755,3.7
48.984,14.466,5.2
49.068,13.615,1
48.724,14.723,3.6
49.467,13.837,8.6
49.016,14,3
49.411,14.676,5.7
49.411,14.676,5.3
50.042,15.739,6.1
50.024,15.764,9
49.735,16.034,9
49.759,16.667,9.9
50.195,15.846,7
50.178,15.838,9.5
50.351,16.323,0.5
50.566,15.904,0.5
49.402,15.61,10.9
49.159,15.439,7.5
49.573,15.08,1.8
49.223,15.866,5.4
50.066,12.363,1.9
50.066,12.363,4.4
50.372,12.615,0.5
50.173,12.673,1.9
50.698,14.537,9.2
50.698,14.537,9.6
50.79,15.32,5.6
50.941,15.07,7.8
50.755,15.07,5.6
50.242,17.19,2.2
49.601,17.238,8
49.452,17.454,7
49.468,17.115,7
49.593,17.266,8
49.587,17.804,5.6
49.722,13.619,2.4
49.732,13.402,10.7
49.728,13.376,10.7
49.747,13.381,8.6
49.77,13.368,8.2
49.746,13.321,8.6
49.769,13.423,2.7
49.739,13.387,6.2
49.67,12.678,1.2
49.958,14.058,16.6
50.144,14.102,6.3
50.167,14.106,9.6
50.429,14.914,6.4
49.914,14.783,24.8
49.919,14.094,2.3
50.302,15.178,2.4
49.503,18.539,2.4
49.777,17.542,2.2
49.749,18.61,10
49.672,18.351,8.5
49.791,18.407,5.9
49.864,18.551,6.8
49.84,18.29,7.6
49.839,18.264,4.3
49.825,18.264,6
49.825,18.159,4
49.856,18.27,6.9
49.807,18.339,5.9
49.945,17.91,8.7
49.721,18.089,4.5
49.672,18.643,7.4
49.668,18.678,7.4
49.925,18.423,4.8
49.819,18.34,7
49.53,18.639,26.6
49.859,18.558,9.4
49.667,17.835,17.8
49.835,18.165,4.6
49.934,17.27,10.6
49.76,18.024,2.7
49.904,18.376,12.8
50.468,13.413,3.6
50.774,14.219,8.2
50.697,13.848,4.2
50.586,13.673,6.1
50.541,14.119,10.2
50.428,13.13,3.6
50.51,13.645,17.3
50.58,13.42,4.2
50.789,14.087,1.7
50.645,13.851,4.2
50.377,13.328,3.6
50.683,13.998,7.1
50.684,14.041,2.4
50.661,14.043,7.9
50.459,14.17,7.4
49.048,18.008,4.4
49.068,17.467,6.9
49.233,17.667,4.4
49.209,17.535,7.5
49.259,17.411,3.3
49.472,17.967,5.6
49.392,15.591,7.5
49.565,15.941,10.9
49.972,16.978,2.3
49.95,15.26,7
49.676,13.991,8.6
49.653,18.432,7
49.779,18.279,1.9
49.81,18.293,1.9
49.872,18.377,12
49.77,18.318,9.1
50.454,14.374,3.8
49.228,17.675,16.6
50.251,14.317,28.4
50.663,14.031,7.7
49.748,16.926,1.6
50.212,15.814,10.1
48.966,14.509,5
49.401,13.287,10.7
49.762,13.382,9.5
49.435,15.208,1.8
49.552,17.731,6.3
50.016,17.75,1.9
49.97,17.603,4.6
48.531,14.575,1.9
48.274,14.315,2.8
48.225,14.239,2.8
48.392,13.671,2.8
48.049,14.443,2.3
47.839,14.441,0.5
48.258,13.04,1.4
48.306,14.298,2.8
48.209,14.437,4.6
48.215,14.422,16
48.323,14.298,11.9
48.323,14.298,24.3
48.001,13.668,1.9
48.279,14.366,4.6
48.165,14.036,3.7
48.162,16.526,1.9
48.205,16.31,4.6
48.205,16.31,6
48.226,16.458,2.8
48.217,16.381,6.4
48.174,16.361,8.3
48.203,16.435,6.4
48.157,16.476,4.2
48.261,16.397,5.1
48.235,16.302,4.2
47.605,15.673,6.9
47.605,15.673,4.6
46.767,15.956,2.3
47.094,15.415,1.4
47.348,15.882,1.4
46.814,15.213,1.4
47.178,14.677,1.4
47.045,15.153,1.4
47.446,15.29,3.2
47.21,14.825,1.4
47.069,15.432,3.2
47.376,15.075,1.9
47.193,14.753,1.9
47.12,15.351,2.8
46.778,15.541,2.3
47.069,15.404,1.9
47.136,15.324,12.4
47.056,15.417,4.2
47.283,15.972,2.3
47.283,15.972,11.5
47.042,15.433,1.9
47.063,15.087,1.4
47.409,15.253,2.3
47.059,15.467,1.4
48.879,15.047,1.4
48.721,15.942,2.8
48.335,16.729,1.9
48.086,16.302,2.3
48.045,14.772,2.3
48.145,16.474,2.8
47.814,16.255,1.4
48.201,15.62,3.2
48.084,16.33,2.8
48.145,16.511,2.3
48.05,16.675,2.3
48.144,16.959,2.3
48.385,16.182,17.4
48.212,15.634,1.9
47.77,16.766,0.5
47.84,16.528,1.4
47.339,16.208,1
47.806,13.043,2.8
47.817,13.031,1.4
47.797,13.054,3.7
47.691,13.108,1
47.126,13.808,2.3
47.327,12.795,1.4
47.529,9.9267,1.4
47.239,9.5977,8.3
47.271,11.417,2.8
47.263,11.392,2.3
47.35,11.695,2.3
47.24,11.391,2.3
47.278,11.512,2.8
46.828,12.766,4.6
46.842,14.529,1.4
46.708,14.892,1.4
46.801,13.494,1.4
46.612,13.841,2.8
46.679,12.974,1.4
46.626,14.318,3.2
48.303,14.283,4.2
48.141,16.301,3.7
47.565,14.245,1
47.216,15.628,1.4
48.308,16.328,5.5
35.126,33.331,0.5
35.152,33.348,2.1
35.037,33.055,1.2
34.71,32.573,0.4
34.916,33.627,1.5
34.733,33.333,3.2
34.707,33.023,1.6
35.036,33.962,2.1
50.858,4.2883,1
50.895,4.3927,6
50.884,4.383,4.6
50.85,4.3338,2.8
50.797,4.3585,1.4
50.655,4.6683,2.3
50.465,3.9397,2.3
50.409,4.4522,2.3
50.429,4.4587,3.7
50.408,4.3959,3.7
50.503,4.9884,1.9
50.274,5.2352,1.4
50.096,4.5948,1.4
50.617,3.4576,2.3
50.658,5.6278,8.3
50.621,5.5164,3.2
50.584,5.3974,2.8
50.303,6.0017,1.4
50.027,5.593,0.5
49.877,5.2024,0.5
49.719,5.6304,1
50.613,5.5702,2.8
50.945,3.1524,3.2
51.255,3.3625,4.6
51.016,2.5823,3.7
50.815,3.3225,3.2
51.196,3.8229,2.3
51.061,3.7753,3.2
51.125,3.7395,2.8
51.15,3.8087,8.7
51.349,4.3397,10.6
51.236,4.3852,4.2
51.17,4.341,7.8
51.261,4.4244,4.2
51.234,5.164,4.2
51.21,4.4318,6.4
51.252,4.4914,3.7
51.092,4.3801,2.3
50.913,4.5122,4.2
50.978,4.8376,2.3
50.712,5.1032,1
50.941,4.4367,4.2
51.041,3.735,4.2
51.21,4.4318,5.1
51.213,4.2582,2.8
51.058,3.7293,3.7
51.231,4.4229,3.7
51.206,4.4181,12.8
51.176,4.4134,3.7
50.85,4.3517,4.6
50.411,4.4446,2.3
50.633,5.5797,2.8
51.206,4.4419,5.1
51.212,4.3506,1.9
50.462,4.8653,2.3
48.145,17.113,3.7
48.159,17.128,4.6
48.168,17.108,3.7
48.121,17.129,3.7
48.691,21.284,6
48.752,21.245,6
48.725,21.26,3.7
48.736,19.163,3.2
48.734,19.113,1.9
48.63,20.241,1.9
48.581,19.954,2.8
48.559,19.155,3.2
48.599,18.842,1.9
48.435,17.018,6
48.783,20.987,1.9
48.674,21.166,6
48.872,21.828,1.4
48.286,18.138,1
47.805,17.921,4.2
48.934,21.911,1.4
48.934,21.891,1.4
49.136,20.306,1.4
49.03,20.328,1.4
49.057,22.255,1.4
48.997,21.268,4.2
48.886,21.69,1.4
48.66,18.51,2.3
48.736,18.756,2.3
48.782,18.631,2.3
48.896,18.041,6
47.97,17.785,3.7
48.68,17.361,6
48.372,17.589,4.2
48.943,19.589,1.9
49.058,18.92,3.2
49.079,19.302,4.6
49.214,18.769,1.9
48.92,20.886,1.9
55.675,12.569,8.3
55.701,12.561,3.2
55.7,12.1,1.9
46.267,20.153,4.5
46.08,18.211,2.2
46.041,18.221,2.2
46.071,18.225,4.8
47.79,18.746,2.3
47.671,16.84,0.6
47.685,17.64,4.3
47.677,17.658,2
47.871,17.273,1.8
47.691,16.575,2.3
46.917,16.317,1.3
47.239,16.62,1.3
47.563,18.409,1.7
47.912,20.372,1.5
48.473,21.212,0.5
48.247,20.614,5.3
48.107,20.79,4
48.09,20.812,0.3
48.051,20.791,2.4
48.051,20.791,2.4
48.294,20.428,0.1
48.218,20.703,4.1
47.177,20.197,11
47.103,17.561,3
46.966,18.935,8.8
47.196,18.4,4.2
47.202,18.143,7.2
47.09,17.905,2.9
48.094,19.803,2.3
47.327,18.933,1.4
47.314,18.903,19.9
47.774,19.14,4.1
47.492,19.088,4.3
47.43,19.181,2
47.406,19.01,3.9
47.404,19.091,3.6
47.509,19.028,8.2
47.562,18.961,2.6
47.544,19.144,3.1
47.475,19.041,3.9
47.523,19.07,3.9
47.582,19.115,3.2
47.513,21.625,1.6
47.559,21.627,2.4
47.531,21.639,4.6
47.961,21.706,2.8
46.956,16.275,1.1
47.467,19.157,3.1
46.902,19.689,1.1
46.902,19.689,6.1
47.309,18.921,2.1
46.966,19.545,0.6
47.724,18.737,9.8
47.406,19.01,2.6
47.915,21.033,2.7
41.802,-8.6939,2.2
40.757,-8.5728,1.9
40.233,-7.3019,0.5
39.352,-8.4661,0.6
39.278,-9.2456,1.6
38.636,-8.6906,1.1
38.749,-9.1489,2.9
38.769,-9.1081,3.2
38.785,-9.3472,1.7
38.664,-9.1578,7.5
38.058,-8.7821,1
38.016,-8.6957,0.5
37.871,-8.7239,1.9
37.954,-8.8381,2.8
38.615,-7.3975,1
37.427,-7.5139,0.3
37.015,-7.9267,0.8
32.65,-16.918,8.8
32.649,-16.883,13
38.605,-28.631,0.7
32.808,-16.886,0.1
60.22,24.811,1.2
60.314,24.685,1
60.187,24.951,1.8
60.17,24.939,1.9
60.224,25.102,3.1
24.964,60.194,26.5
60.196,24.952,3.7
60.166,24.921,25.5
60.29,25.04,2.6
62.29,25.709,1
62.894,27.688,0.8
62.956,27.697,0.8
62.882,27.662,3.2
65.01,25.471,1.7
65.043,25.498,1
61.482,21.813,2.3
61.509,23.676,3.1
61.499,23.802,1.6
61.493,23.769,4.3
61.499,23.736,3.1
61.315,22.137,2.5
61.332,22.143,2.5
63.842,23.042,0.7
63.838,23.132,8.3
59.779,21.375,1.4
67.973,24.116,0.5
68,24.24,0.5
60.467,22.028,1.8
63.679,22.718,2.4
64.668,24.419,2.1
64.683,24.482,2.1
60.53,27.675,0.8
62.602,25.736,0.5
63.101,21.604,12.8
63.095,21.618,12.8
60.477,22.309,22.9
60.452,22.268,30.7
60.408,22.378,0.4
22.283,60.304,17
60.47,22.19,1.7
60.991,25.666,2.4
60.967,25.655,3.8
61.189,28.77,2.8
61.238,28.874,1
61.153,28.81,3.2
61.056,28.184,1.9
61.041,28.177,0.5
62.599,29.763,6.7
60.251,24.063,0.9
62.314,27.887,1.6
61.203,26.033,9.1
60.633,24.861,20.9
60.999,24.455,1.6
61.865,25.197,2.7
61.686,27.273,1.3
61.13,21.5,1.3
62.779,22.839,2.3
61.272,24.028,1.9
60.869,26.706,2.8
26.706,60.869,2.8
60.87,26.701,1.9
63.838,23.132,1.3
60.471,25.09,17.9
60.987,25.517,31.5
60.297,22.299,1.4
63.072,27.661,2.9
60.936,25.961,8.9
62.301,27.158,2
60.21,24.73,19.1
60.173,24.941,1.9
62.892,27.678,0.8
61.5,23.767,3.1
61.17,28.772,2.8
61.055,28.19,1.9
53.201,-6.1111,7.3
53.724,-9.0017,7.3
52.847,-8.9887,7.3
53.728,-7.7931,7.3
53.322,-6.2655,7.3
46.555,15.646,4.2
46.24,15.268,5.1
45.955,13.649,0.5
46.15,15.045,1.4
46.131,14.996,3.7
45.548,13.73,3.2
46.077,14.517,3.2
35.856,14.533,0.6
35.893,14.438,0.8
35.881,14.509,0.8
36.061,14.209,1.5
35.898,14.489,5.7
43.511,16.449,1
43.548,16.435,1.2
43.546,16.468,13
45.321,14.484,2.8
45.402,14.388,0.4
45.332,14.426,11.3
45.11,14.139,0.7
44.98,14.122,0.3
45.8,15.974,1.9
45.765,16.006,0.1
45.824,16.036,3.7
45.478,16.4,0.8
45.479,16.781,5.2
45.458,16.388,2.1
45.159,17.995,1.9
45.472,18.039,7.8
45.559,18.699,0.7
36.127,-5.352,17
36.141,-5.3536,4.2
36.141,-5.3536,7.4
57.709,11.97,2.1
59.317,18.058,1.8
55.606,13.002,5.5
57.701,11.995,3
55.584,13.008,13.9
57.699,11.961,4.4
59.326,18.004,4.7
59.198,17.621,1.3
63.829,20.258,1.2
59.317,18.049,4.4
59.341,18.058,2
59.61,16.55,1.5
59.326,18.004,3.8
59.857,17.646,9.1
55.703,13.18,4.1
59.341,18.037,4.7
64.13,-21.875,0.3
64.139,-21.874,3.4
64.134,-21.933,3.3
64.105,-21.889,1.2
64.059,-21.991,1.2
64.334,-21.835,0.2
64.374,-21.759,0.5
65.69,-18.096,0.5
64.042,-22.598,0.2
65.684,-18.088,1
66.079,-17.342,0.2
66.055,-17.348,0.3
64.044,-21.985,3.4
64.135,-21.851,5.8
64.145,-21.774,0.1
42.51,1.5391,1.4
38.375,23.11,1
38.246,21.736,6
37.995,23.819,1.4
40.634,22.945,3.7
37.988,23.728,12.4
38.051,23.538,11
38.07,23.777,1.4
37.943,23.648,18.8
38.144,23.758,2.3
59.41,27.279,0.6
59.515,25.928,0.7
59.376,28.179,2.1
59.414,24.649,1
58.371,26.735,2
58.376,21.845,1
58.701,26.755,0.5
59.403,27.75,2.1
58.367,26.712,2.1
59.431,24.76,2.5
59.447,24.715,2.6
59.503,26.528,0.8
59.443,24.757,100.4
59.503,24.911,2.5
40.421,-3.6822,3.7
40.419,-3.7472,0.5
40.445,-3.7069,1.9
40.398,-3.6867,1
40.44,-3.6903,1.4
40.466,-3.6886,0.5
40.385,-3.7186,5.5
42.998,-7.5507,1.3
42.353,-7.8777,2.2
43.082,-1.9127,1
42.061,-1.5993,1
41.933,-4.47,0.5
41.948,-4.4658,1.4
41.646,-4.7303,2.3
41.63,-4.7406,1.4
41.621,-4.7467,1
43.579,-5.9272,0.5
40.91,-3.4667,1
40.252,-4.2747,0.5
40.455,-3.4842,0.5
40.593,-3.5031,1.4
40.342,-3.8339,1.4
40.634,-4.0133,1.4
40.167,-3.2767,1.4
40.185,-3.6797,1.4
39.678,2.6867,0.4
39.57,2.6558,1.9
39.84,3.0271,0.4
39.891,4.253,0.9
40.009,3.8565,1.9
38.914,1.4143,0.5
39.546,2.6997,0.8
39.878,4.2592,9.9
38.993,1.3089,0.5
39.563,2.6206,1.4
39.834,3.1443,0.5
39.79,3.0741,0.6
39.747,3.0149,0.2
38.935,1.4318,0.9
41.67,-0.87111,2.7
41.635,-0.89361,4.4
41.675,-0.88694,1.1
41.658,-0.89788,3.9
43.517,-5.6706,3.7
43.256,-5.7758,1
43.276,-5.5961,1
37.976,-1.2307,1
37.69,-1.701,1.4
37.994,-1.1446,6
37.694,-1.0646,2.8
37.605,-0.91405,1.4
37.603,-0.9749,1
37.574,-0.92656,9.2
38.115,-1.8687,3.2
38.351,-0.51389,0.5
38.706,-0.46694,1
38.445,-0.80639,0.5
40.068,-0.20694,1.4
39.458,-0.37667,1
39.481,-0.40833,2.8
39.458,-0.34278,0.5
39.48,-0.3375,1
39.708,-0.83194,1.9
39.56,-1.2828,0.5
39.633,-0.26639,4.2
39.708,-0.83194,1.4
40.011,-0.057222,0.5
39.782,-0.35917,1.9
39.945,-0.056389,1
39.892,-0.065,2.8
39.931,-0.60333,1
38.938,-0.44194,4.6
39.427,-0.78389,1.9
40.735,-0.16944,0.5
39.705,-0.33667,1
39.481,-0.44722,1
40.062,-0.072778,1
40.383,-0.70917,22.4
40.546,-0.425,1.9
43.367,-8.4206,8.7
43.383,-8.4092,0.8
42.062,-7.4087,0.5
42.181,-8.5226,0.7
42.181,-8.5226,22.4
42.876,-8.5591,2.2
42.888,-8.5311,4.4
42.219,-8.7421,1.5
43.481,-8.2415,0.5
42.426,-8.6441,2
42.222,-8.7111,0.5
42.896,-2.1708,2.3
42.315,-1.8014,1.4
42.315,-1.8014,6
42.481,-1.651,0.5
42.805,-1.6537,2.3
42.789,-1.6167,2.3
42.827,-1.6506,1.4
42.574,-1.2831,1
42.061,-1.6063,1
43.338,-4.0505,2.3
43.372,-4.0408,16
43.397,-3.8301,1.9
43.458,-3.8228,3.7
43.466,-3.7929,0.8
43,-4.1393,1.4
43.154,-4.2542,0.4
43.26,-4.067,0.5
43.369,-3.2156,0.5
43.349,-4.0502,1.9
43.407,-3.8833,1.9
40.707,0.58165,1.4
41.385,2.1538,3.2
41.399,2.1534,2.8
41.387,2.1151,2.3
41.426,2.148,1.4
41.404,2.2045,1.4
41.959,3.2129,0.5
42.368,1.7768,0.5
42.098,1.8482,1.4
41.245,1.6177,13.8
41.202,1.6722,2.3
41.976,2.8165,1
41.47,2.1842,1.9
42.051,0.7296,0.5
41.151,1.1202,1.9
41.492,2.0425,1.4
41.561,2.1014,3.2
41.426,2.2222,1.4
41.689,2.4957,1
41.392,2.0098,6
41.527,2.1838,1
41.599,2.2871,1
41.544,0.82993,3.2
41.371,2.115,1.9
41.616,0.61573,1.9
42.003,2.2873,1
41.73,1.8253,2.3
41.475,1.9212,3.2
41.547,2.4433,1
41.482,2.1883,1.9
41.116,1.192,1.9
41.556,2.0074,3.7
40.94,0.83134,1.4
41.008,0.83108,1
41.936,2.2386,1
41.347,1.6866,1
41.112,1.1518,4.2
41.418,2.1239,1
36.844,-2.4475,1.4
36.999,-1.8921,1.4
37.251,-1.7696,5.1
36.773,-2.8104,2.8
37.238,-1.8004,1
36.997,-1.8947,1.4
36.846,-2.0426,1.4
37.19,-1.9814,1
36.913,-2.0663,2.8
37.14,-1.8507,2.8
36.185,-5.4926,1.9
36.168,-5.3495,2.3
36.185,-5.4926,7.4
36.175,-5.4333,11.9
36.21,-5.3844,1.9
36.508,-6.2755,1.4
36.524,-6.2259,0.5
36.472,-6.1966,0.5
36.681,-6.1283,0.5
36.681,-6.1283,5
36.149,-5.4477,6.9
36.182,-5.4815,1.4
36.141,-5.4562,22.4
36.688,-6.1214,1
36.756,-5.8117,0.5
36.659,-5.6546,1.9
36.788,-5.5578,1.4
38.19,-5.0195,0.5
37.904,-4.7834,1.4
37.894,-4.7711,1.9
38.133,-4.7999,0.5
37.894,-4.7778,2.8
36.749,-3.518,0.5
37.203,-3.599,6
37.166,-3.5985,4.2
37.144,-3.6255,0.5
37.283,-6.9421,4.6
37.608,-5.7358,2.3
37.246,-6.9337,4.2
37.265,-6.9548,2.8
37.275,-6.8369,2.8
37.361,-6.6785,10.6
37.209,-6.9196,17.9
37.229,-6.8954,1
37.185,-6.9705,6.9
37.316,-6.8431,2.8
37.267,-6.919,1.4
37.229,-6.8954,1.4
37.134,-6.8049,4.2
36.998,-6.5516,1
38.095,-3.7765,1.9
37.782,-3.78,1.4
38.17,-3.0101,2.3
36.735,-4.4737,1.4
36.717,-4.4455,2.3
36.749,-4.5521,1.9
36.51,-4.8824,3.2
37.374,-6.0055,5.1
37.398,-6.0009,4.2
37.401,-5.955,2.8
37.351,-6.052,2.8
37.349,-5.9877,5.1
37.34,-5.8418,1.4
37.994,-5.6527,1
37.543,-6.0569,2.3
37.543,-6.0569,5
36.21,-5.3911,1.9
37.271,-6.9243,1.4
36.149,-5.4477,6.9
36.182,-5.4815,1.4
36.966,-2.2068,1.4
37.002,-1.9356,1.9
40.665,-4.7006,0.5
41.666,-3.6889,1
42.351,-3.6756,1.4
42.336,-3.6361,0.5
42.953,-3.4753,1.4
42.688,-2.9406,1
42.803,-5.6236,1
43.041,-5.0906,0.5
42.604,-5.5872,2.8
42.543,-6.5847,0.5
42.795,-4.8408,1.4
42.019,-4.5383,0.5
40.571,-6.2225,1
40.979,-5.6653,0.5
40.961,-5.6397,0.5
40.956,-4.1106,1.4
41.767,-2.4667,2.3
41.316,-4.9092,0.5
41.51,-5.7464,0.5
42.684,-2.9175,1.4
42.846,-6.5444,1
42.822,-6.5128,6
42.781,-6.6039,0.5
42.878,-6.44,0.5
42.716,-5.6389,5.1
42.817,-5.5333,1
42.944,-5.6619,0.5
42.559,-6.7256,0.5
42.564,-6.7819,0.5
42.545,-6.7256,0.5
42.849,-4.8358,0.5
42.704,-4.8272,1
41.724,-2.8569,1.9
41.961,-4.4944,5.1
42.575,-5.5664,0.5
41.604,-4.7289,0.5
41.613,-4.7408,1
43.177,-6.5498,1
43.549,-5.8972,4.6
43.554,-5.9182,3.2
43.559,-5.9279,2.3
43.361,-5.8593,1.9
43.361,-5.8593,1
43.361,-5.8593,1.4
43.361,-5.8593,1
43.535,-5.6678,3.7
43.539,-5.6998,4.6
43.534,-5.6576,2.3
43.537,-5.6473,2.3
43.275,-5.6087,1
43.383,-6.0749,1
43.359,-5.8679,2.3
43.362,-5.8494,1.9
43.402,-5.8047,1.4
43.344,-5.9737,1
43.575,-5.9585,1.4
43.256,-5.6202,3.7
42.518,-2.6195,1.9
43.144,-2.9634,1.4
42.849,-2.3937,0.5
42.875,-3.2317,1
42.855,-2.6807,2.8
42.844,-2.6612,1
42.856,-2.6678,1
43.251,-2.1549,1
43.18,-2.2682,1.4
43.048,-2.1914,1.9
43.267,-1.9777,3.7
43.322,-1.9001,2.3
43.064,-2.4904,1
43.291,-1.9957,2.8
43.303,-1.984,1.9
43.322,-1.9607,3.2
43.309,-2.0109,1.9
43.131,-2.078,2.3
43.085,-2.3162,1
43.32,-3.0742,5.1
43.219,-2.7345,2.8
43.258,-2.9735,3.2
43.298,-2.9871,5.1
43.241,-2.8838,1.9
43.268,-2.9352,3.2
43.255,-2.9024,5.1
43.246,-2.9605,3.7
43.259,-2.9457,4.2
43.168,-2.638,2.3
43.362,-3.0228,2.8
43.406,-2.7032,1
43.321,-3.1127,3.7
43.333,-3.113,4.6
43.333,-3.0426,8.3
43.213,-3.1345,2.8
43.303,-2.9772,4.2
43.298,-2.9304,1.4
43.248,-2.988,1.9
43.353,-3.081,14.2
43.312,-1.9809,4.6
43.259,-2.9457,4.2
28.099,-17.12,0.5
28.459,-16.27,0.5
28.111,-16.472,2.8
28.035,-15.416,2.8
28.09,-17.118,1
28.145,-16.524,2.8
28.008,-16.656,3.2
28.112,-16.578,2.8
28.047,-16.536,3.2
28.08,-16.56,1.9
27.764,-15.564,2.8
27.773,-15.542,2.8
28.393,-16.358,1.4
28.377,-16.362,2.8
28.073,-16.653,2.8
28.506,-13.849,2.8
27.898,-15.445,2.8
27.869,-15.387,2.8
27.801,-15.461,2.8
28.383,-16.571,0.5
28.458,-16.264,1
28.457,-16.272,0.5
28.463,-16.265,1.9
28.38,-16.368,1
28.647,-17.769,2.3
28.451,-16.278,3.2
28.462,-16.277,1.9
28.458,-16.279,3.2
28.5,-13.852,1
28.004,-15.412,4.6
28.456,-16.277,0.5
28.111,-15.521,0.5
28.498,-13.861,154.5
28.968,-13.556,1
28.026,-15.414,4.2
28.381,-16.372,1
28.99,-13.517,4.6
28.134,-15.433,0.5
28.462,-16.262,0.5
28.337,-16.4,0.5
28.03,-15.416,2.8
28.503,-13.854,2.8
28.667,-17.775,2.8
28.686,-17.764,2.3
28.977,-13.548,2.8
28.805,-17.783,2.3
28.527,-14.005,2.8
28.032,-15.409,5.1
27.982,-15.779,1.9
28.982,-13.513,2.8
40.417,-3.7038,1.4
40.385,3.7187,2.3
41.694,24.738,3.8
43.851,25.964,7.5
43.208,23.557,3.9
42.056,25.593,4.1
43.268,26.938,1.8
42.143,24.765,5.2
43.412,24.615,16.9
43.223,27.587,5.2
42.61,23.032,1.6
42.141,24.788,6.7
43.126,25.691,2.5
42.66,27.721,3.5
42.002,23.098,5.9
42.432,25.637,0.4
43.224,27.916,2.2
42.648,23.401,1.2
42.666,23.27,2.4
42.631,23.238,1.7
42.733,23.299,1.6
42.641,23.373,4.3
42.674,23.283,1.9
27.441,42.522,9.7
42.475,27.398,2.7
42.518,27.367,5.9
48.135,11.582,4.2
47.973,11.22,1.4
48.172,12.831,1.4
48.771,11.43,2.8
48.169,11.65,1.9
48.155,11.537,22.9
48.154,11.554,2.8
48.139,11.566,4.2
48.022,12.539,1.9
48.907,11.891,2.3
48.541,12.156,2.8
48.854,11.771,1.4
48.572,13.421,1.9
49.096,11.807,4.6
49.487,11.786,4.6
49.438,12.555,1
49.898,10.887,2.3
49.946,11.581,3.2
50.103,11.442,1.9
49.304,10.574,2.3
49.473,10.984,7.8
49.444,11.036,5.5
49.324,11.031,1.4
50.064,10.175,5.5
49.788,9.9437,3.7
48.377,10.889,1.4
48.37,10.897,6
48.365,10.894,2.8
47.515,10.406,3.7
47.726,10.307,1
47.562,9.6839,3.7
48.397,10.007,4.2
50.93,8.1919,2.3
50.653,6.281,5.1
50.755,6.0938,6.4
52.023,8.5484,4.6
50.754,7.0826,19.2
51.862,6.8745,2.3
51.526,6.9769,2.3
51.641,7.3314,2.3
51.524,7.4836,19.2
51.52,7.4642,21.1
51.537,7.4574,2.3
51.438,6.7719,12.8
51.485,6.7354,7.4
51.385,6.763,12.8
51.524,6.7484,2.3
51.213,6.7825,18.3
51.249,6.7324,6
51.478,7.0053,16.5
51.451,7.0305,6.9
51.497,6.981,2.3
51.528,7.0846,6
51.363,7.4635,19.7
51.403,7.2085,6
50.876,6.8738,6.9
51.034,6.4515,9.6
51.098,6.4695,10.6
50.963,7.0046,18.8
50.947,6.9576,16
51.019,6.8846,6
50.89,6.9851,13.8
51.338,6.6402,12.8
51.029,7.005,7.8
51.592,7.5698,2.3
51.17,6.4589,27.5
51.169,6.4399,15.6
51.155,6.4256,13.8
51.453,6.8651,2.3
51.953,7.6194,6.4
51.937,7.6116,2.3
51.327,6.1958,7.4
50.883,6.4693,12.4
51.475,6.8636,9.2
51.304,6.8199,6
51.449,7.5822,6
51.571,8.148,2.3
51.184,7.0526,6.9
51.443,8.3608,2.3
51.673,6.6297,16
51.261,7.1474,15.6
51.278,7.2319,5.5
50.773,6.0958,16.5
51.461,6.7275,11
51.22,6.7041,26.6
52.006,8.5528,11
51.201,6.7614,25.2
51.031,7.0109,33.9
7.6431,51.227,28.8
51.568,6.9909,5.5
51.176,7.0841,14.7
50.927,6.5822,12.4
52.024,8.5341,4.6
51.176,7.0841,14.7
53.592,10.054,11.5
53.564,9.9446,7.8
53.556,9.9431,9.6
53.561,9.9574,6
52.543,13.349,4.2
52.473,13.225,1.4
52.489,13.431,3.2
52.644,13.483,3.2
52.448,13.647,3.2
52.464,13.318,7.8
52.468,13.442,10.1
52.482,13.434,9.2
52.514,13.47,10.1
52.514,13.419,1.9
52.438,13.388,11
49.493,8.472,6.9
47.989,7.8599,5.5
48.52,9.058,7.8
48.489,9.2108,8.3
48.783,9.1807,3.7
49.008,8.3872,6
48.788,9.191,12.4
53.064,14.285,1.4
53.476,8.2232,4.2
52.725,7.4632,2.8
50.97,9.8,2.5
49.873,8.6653,4.4
50.102,8.5425,13.2
50.075,8.5763,5.1
49.653,8.8164,2.1
50.136,8.9192,3.9
51.314,9.4833,2.6
51.155,9.0317,1.1
50.383,8.061,1.7
50.546,9.68,2.1
50.011,8.4525,4.6
50.078,8.2314,11.1
50.052,8.2458,7.1
51.432,8.9281,2.3
49.87,8.6544,10.3
50.126,8.6928,7.8
50.127,8.7483,6
50.551,9.6858,5
50.585,8.6694,6.9
49.644,8.6422,10.5
51.313,9.4925,4.8
50.225,8.4411,2.6
50.386,8.0599,5.1
50.804,8.7693,3.2
50.808,8.7703,5.4
49.673,9.0031,1.6
50.101,8.7848,5.5
49.826,8.5169,5
50.499,9.9367,0.9
50.552,8.5014,2.7
50.072,8.2289,11.2
51.292,9.7744,1
51.362,9.2719,1.1
53.835,10.696,2.7
54.305,10.135,9.7
54.093,10.241,3
54.617,9.3637,3.9
54.781,9.4381,5.7
53.382,10.541,2.1
53.638,9.9974,1.9
53.564,9.9683,2.8
53.545,9.9449,3.7
53.529,10.082,4.2
53.523,10.022,2.3
53.523,10.022,5.1
53.536,9.8442,1.9
53.529,9.9816,4.6
53.508,9.9905,2.8
52.52,13.405,11
50.579,13.008,1.9
51.182,14.424,1.9
50.607,12.214,1.4
50.436,12.588,1.4
51.308,13.002,1
51.033,13.729,5.5
51.069,13.766,5.1
51.037,13.73,1.4
50.819,12.545,1.4
51.151,14.969,3.7
50.371,12.468,1.4
51.34,12.375,4.6
51.34,12.373,1.4
51.293,14.831,1
50.483,12.139,1.9
51.116,13.667,1
50.543,12.779,4.6
50.906,14.812,1.9
50.859,12.868,6.9
51.325,12.299,6
50.727,12.457,2.8
48.848,10.096,1.9
48.773,8.2202,2.8
48.678,9.2276,1.9
48.09,9.7999,1.4
48.002,7.8321,1
47.66,9.4856,3.7
48.646,8.9044,0.5
49.42,8.6767,3.2
49.166,9.2247,2.8
49.029,8.3556,3.2
48.578,7.8023,3.7
47.664,9.1693,3.2
48.899,9.173,1.4
49.544,8.4653,8.7
47.819,7.5679,1.9
48.889,8.6655,5.1
48.489,9.2075,7.8
49.112,9.7373,14.2
48.346,9.2076,0.5
47.81,7.7645,0.5
48.809,9.2299,3.7
49.635,9.6588,1.9
48.508,9.0511,1.9
48.397,9.979,1.9
48.049,8.4636,2.3
47.588,7.6331,2.3
49.301,8.7001,3.2
49.077,8.4067,3.2
52.349,13.424,1.9
52.42,12.552,1
51.746,14.334,1.4
52.146,14.638,1
51.462,13.527,1
52.334,14.526,1.9
52.564,14.015,1.9
52.194,12.561,1
52.608,12.885,2.3
52.932,12.809,1.9
52.484,13.124,1.9
52.401,13.06,2.3
51.897,14.057,1
51.564,14.376,2.3
52.999,11.738,1.9
52.678,13.582,6.4
52.409,12.548,4.2
51.756,14.328,5.5
51.754,14.322,7
52.39,13.09,7.4
52.394,13.038,4.6
52.377,13.533,1.9
52.832,13.822,6.9
52.482,13.848,13.8
52.269,10.527,6.4
51.541,9.9158,3.2
53.733,7.4167,5.5
52.376,9.732,7.4
51.616,10.419,4.6
52.423,10.787,3.2
52.28,8.0472,6.9
52.423,10.787,6
53.056,9.2084,9.2
52.153,10.449,7.4
53.143,8.2146,5.1
51.541,9.9158,2.3
52.28,8.0472,1.9
52.376,9.732,2.3
53.166,9.919,1.9
52.269,10.527,2.3
53.018,11.143,1.9
51.905,10.478,3.2
53.471,7.4848,5.5
52.5,10.409,1.4
52.936,9.0753,1.9
51.833,9.5,2.3
51.801,9.6901,2.3
53.213,9.4799,9.6
51.757,10.618,1.4
51.362,10.243,2.8
49.446,7.7673,9.6
49.446,7.7673,20.2
49.292,7.8517,9.6
50.416,7.4844,17.4
49.753,6.6459,9.6
49.052,8.2528,9.6
49.741,7.1935,9.6
49.416,7.3048,9.6
49.198,7.6053,9.6
53.122,17.988,6.8
53.134,17.996,2.8
52.659,19.059,4
53.029,18.666,1.4
53.493,18.762,3.1
52.793,18.241,1.5
53.012,18.606,3.7
52.823,17.859,1.4
53.017,18.613,1
53.126,18.007,2
51.8,16.317,12.6
52.438,15.122,3.6
51.643,15.128,2.9
52.738,15.229,3.2
51.94,15.519,1.9
52.291,21.042,3.5
52.161,21.034,16.4
52.408,20.956,3.2
51.399,21.147,2.3
52.551,19.708,2.2
52.192,20.837,1.2
52.054,20.43,1.1
52.286,20.455,1.1
51.836,20.791,0.9
52.314,20.958,7.2
52.227,20.909,12.4
52.225,21.02,3.2
52.219,21.005,3.2
52.225,21.015,5.2
52.556,19.688,4.5
52.116,21.237,1.7
52.083,21.111,9.9
52.285,20.933,1
52.081,21.111,5.6
52.081,21.111,4.3
54.116,22.939,4.9
52.392,16.998,3.6
49.802,19.049,3.5
52.143,19.233,1.6
51.778,19.452,15.6
51.668,19.369,1.8
51.404,19.697,2.1
51.857,19.421,2.7
51.775,19.451,2.6
51.775,19.451,2.6
51.775,19.451,2.6
51.755,19.435,1.7
52.039,23.145,2.2
51.259,22.57,1.1
50.723,23.252,3.2
50.02,21.004,3.6
49.971,19.83,2.8
50.058,19.926,6.9
50.069,20.053,2.8
49.619,20.714,2.1
49.294,19.96,1.2
50.159,19.477,2.5
50.011,19.949,3.5
50.057,19.946,7.4
50.018,20.993,3.3
50.081,19.895,6.9
50.099,20.018,2.8
49.484,20.029,1.2
50.101,20.123,2.8
50.019,20.017,5.7
49.743,19.6,2.8
54.353,18.635,1.7
54.368,18.701,1.3
54.401,18.657,2.6
54.561,18.493,3.8
54.328,18.558,1.8
54.432,18.58,0.9
54.38,18.62,1.8
54.466,18.465,1.5
54.525,18.536,0.8
53.966,18.528,1.5
54.12,17.977,2.3
54.031,19.033,11.3
53.127,23.156,0.6
53.219,23.648,1.1
53.182,22.057,0.9
53.432,14.554,4.4
54.194,16.173,2.2
53.699,16.705,0.9
53.381,14.663,1.2
50.769,16.27,1.6
51.129,17.029,4.9
51.086,17.013,5.2
51.205,16.181,0.8
50.434,16.654,1.1
50.913,15.766,1.2
52.398,16.96,2.1
52.42,16.877,1.4
52.277,17.074,1.3
53.154,16.76,1.8
52.226,18.269,2.4
51.749,18.048,2.4
52.449,17,6.2
50.836,19.13,1.8
50.818,19.117,3.8
50.265,18.975,1.8
50.329,19.231,3.1
50.111,18.516,3
50.286,19.184,3.2
50.008,18.456,2
50.711,19.459,2.2
50.1,18.99,2.1
49.72,18.827,3.3
50.316,18.772,2
49.672,19.234,1.9
50.823,20.533,1.4
50.429,21.277,1.3
50.35,18.237,0.3
50.877,18.417,2.3
50.024,22.011,1.3
49.745,21.455,1.4
50.53,22.112,1.4
49.784,22.756,20.8
50.299,21.441,2
45.498,9.5562,22.4
45.04,8.9142,11
45.698,9.4062,18.8
45.413,10.683,16
45.047,11.181,8.3
45.255,8.7442,15.6
45.103,8.9042,13.8
45.132,10.016,20.2
45.54,10.223,36.6
45.546,8.7761,17.9
45.471,9.1975,32
45.626,9.025,17.9
45.817,8.8202,12.8
45.815,9.067,21.5
46.466,10.371,6.4
45.691,9.6437,16.5
45.686,9.715,21.5
45.519,9.592,30.7
45.306,9.4853,28.8
45.284,9.8634,26.6
45.195,9.1646,21.5
45.574,9.2638,39.4
45.143,10.044,22.9
45.69,9.4843,7.4
45.017,11.076,12.4
45.478,9.2317,31.1
45.864,9.4,11
46.168,9.8792,14.2
45.303,9.4953,31.6
45.25,9.6213,20.2
45.65,9.6012,15.1
45.15,9.9306,13.3
45.875,10.177,14.2
45.516,10.219,18.8
45.913,9.4975,4.2
45.161,10.796,19.7
45.535,9.2361,39.8
41.491,13.833,7.8
41.696,13.258,3.7
41.669,13.676,6
41.637,13.351,3.7
41.534,12.947,5.5
42.566,12.962,1.9
42.405,12.857,1
41.964,12.668,10.1
41.848,12.576,11.5
41.727,13.004,6.4
41.994,12.725,7.8
41.933,12.501,13.8
41.925,12.493,3.7
41.936,12.654,8.3
41.907,12.447,9.6
41.884,12.334,7.4
42.421,12.108,2.8
42.748,11.863,1.4
41.893,12.475,10.1
41.77,12.237,8.7
44.097,12.403,21.1
43.927,12.225,3.7
44.064,12.552,41.6
44.052,12.576,11.5
44.014,12.421,4.2
44.735,9.3669,7.4
44.824,9.8304,6.4
45.039,9.6693,9.6
45.049,9.6933,38.9
44.926,10.372,6
44.658,10.289,4.6
44.787,10.336,24.3
44.792,10.331,24.7
44.516,10.734,4.6
44.874,10.665,7.4
44.7,10.623,28.8
44.689,10.664,14.7
44.301,10.431,3.7
44.542,10.82,10.1
44.637,10.906,16.5
44.652,10.907,10.6
44.54,10.792,10.6
44.5,11.286,5.1
44.5,11.329,27
44.355,11.721,10.6
44.14,10.917,3.7
44.467,11.417,16
44.733,11.3,8.3
44.824,11.65,7.8
44.842,11.613,11.5
44.84,11.961,6.9
44.284,12.332,6
44.295,11.871,22.4
44.419,12.225,8.3
44.428,12.186,8.7
44.141,12.245,9.6
44.215,12.048,11.5
44.216,12.058,6.4
43.907,12.401,3.7
43.932,12.627,3.7
44.989,10.019,9.6
44.484,11.355,7.4
44.654,11.625,10.1
44.527,11.982,6.9
44.8,10.884,14.2
44.741,11.942,11.5
44.929,11.179,7.8
44.286,11.873,5.5
45.054,9.7269,18.3
45.056,9.7479,22.9
44.891,10.4,7.4
44.829,10.392,9.2
44.922,10.326,10.1
44.841,10.345,12.4
44.67,10.962,16
44.85,11.562,8.3
44.86,11.61,15.6
44.444,12.253,25.2
44.229,12.089,5.5
42.776,11.118,9.2
43.736,10.401,15.6
43.784,11.287,17.9
43.881,10.244,23.4
43.712,10.41,18.8
43.47,11.141,13.3
43.459,11.888,16
43.771,11.271,30.2
43.872,11.093,28.8
43.914,11.006,18.8
44.03,10.133,25.6
43.838,10.573,23.8
43.872,11.105,26.1
43.518,10.321,34.8
43.552,10.329,34.8
43.77,11.44,28.8
43.401,10.476,6.4
43.401,10.476,27
40.611,14.976,2.2
40.661,14.804,1.1
40.816,14.349,3.5
40.975,14.211,3.4
40.836,14.825,2.2
40.98,14.401,10.2
40.924,14.481,6.3
40.711,14.702,3.9
40.74,14.643,1.7
40.915,14.299,2.9
40.991,14.424,5.4
40.941,14.37,5.8
40.921,14.389,3.1
40.919,14.786,0.6
41.116,14.78,1
40.854,14.251,5.1
41.131,14.789,1.5
40.695,14.778,3.9
41.084,14.345,3.1
41.078,14.331,3.3
41.046,14.378,3.1
40.854,14.272,7.7
40.864,14.341,3.2
40.849,14.231,3.8
40.864,14.255,2.2
40.684,14.77,3
40.471,15.299,1.1
47.083,2.4053,1.1
47.846,1.9276,6.2
47.221,2.0698,3.5
47.907,1.9011,2.5
48.44,1.4748,11.4
47.998,2.7195,1.6
47.419,0.68302,1.4
48.73,1.3584,0.9
47.595,1.3029,1.2
47.395,0.7046,3.3
47.838,1.945,0.8
47.075,2.4072,1.1
47.344,0.65385,1
46.815,2.6101,0.5
47.917,1.9664,1.6
46.943,2.0033,1.1
46.943,2.0033,17.6
49.863,3.3066,11
49.276,2.4822,1
49.869,2.2398,1.9
49.851,3.284,16.5
49.26,2.4744,1.9
49.298,2.5174,4.8
49.613,3.2233,8.7
49.903,2.3046,1.2
49.877,2.2825,0.4
49.843,3.2822,11.5
49.436,2.0843,0.6
49.46,2.1091,1
49.46,2.1091,3.6
45.72,4.8182,4.3
45.754,5.0723,0.6
45.779,4.9249,0.5
45.773,4.8369,4.1
45.758,4.8542,1.7
45.735,4.8298,1.2
45.708,4.8645,1.5
45.602,4.8025,0.6
45.758,4.8862,3.6
45.675,6.3896,1.2
45.597,5.9187,1.2
45.565,5.9284,2.4
45.275,6.3496,1.1
45.533,4.6239,1.8
46.212,5.2265,0.6
44.569,5.279,0.9
45.042,5.0441,0.3
44.87,4.8763,0.4
44.934,4.8935,0.4
45.895,6.1184,0.1
45.917,6.1357,0.3
46.196,6.2406,1.9
45.923,6.8699,1.3
45.907,6.845,1.7
46.194,6.2142,0.4
45.924,6.7136,0.8
46.072,5.8208,0.6
45.608,5.2709,0.4
45.28,5.8824,1.1
45.181,5.7201,2.6
45.162,5.7357,1.2
45.158,5.7038,3.6
45.368,4.8052,0.2
45.183,5.7533,1.4
45.058,5.6769,0.8
45.36,5.5894,0.6
45.482,4.4299,0.9
45.475,4.515,0.5
46.041,4.0747,1.1
45.42,4.3954,0.9
45.91,6.1176,2.4
45.569,5.9331,1.5
45.775,4.8986,2.3
44.622,4.3851,0.5
45.448,4.3888,2.6
45.75,4.8444,3.7
45.75,4.8444,15.1
45.99,4.7155,1.5
45.183,5.7252,0.8
45.099,5.5845,3.2
46.191,6.2355,3.1
45.768,3.1564,1.3
45.775,3.0628,0.8
45.776,3.0961,1.3
45.928,2.8081,0.8
45.798,3.1133,1.2
46.652,3.6014,0.7
45.105,3.2775,1.5
45.784,3.1425,0.9
45.772,3.0875,0.4
44.92,2.4411,1
46.341,2.5939,1.1
46.562,3.3406,1
45.039,3.8867,0.9
45.772,3.0875,20.4
45.545,3.2481,1.5
46.562,3.3311,1.6
46.13,3.4257,1.4
47.641,6.8593,2
47.248,6.0157,1.3
46.671,5.5508,18.8
47.527,6.7835,2.8
47.62,6.1543,1.4
47.095,5.4908,1.7
47.297,6.8347,2.8
47.146,5.551,1.9
47.235,6.0292,7
47.045,6.6077,5.8
46.524,6.0224,1.9
47.099,6.1394,5.8
48.776,5.163,2.8
49.12,6.1809,7.4
49.11,6.2232,2.3
49.169,6.2127,32
49.131,6.2071,32
48.688,6.1904,2.8
48.697,6.1542,2.3
48.615,6.1076,2.8
48.915,6.0587,1.9
49.119,7.0833,2.8
49.358,6.157,2.8
49.369,6.161,1.9
48.194,5.9375,0.5
49.168,5.3875,1
48.695,6.9652,1
48.585,6.4836,3.2
49.125,6.1812,6.9
49.066,5.7855,2.3
49.32,6.1407,7.8
48.886,6.0937,3.7
48.885,6.0513,1.9
48.173,6.4528,0.5
48.564,6.1257,2.8
49.271,6.1326,10.6
48.659,6.1261,2.8
49.107,6.1226,1.9
49.394,6.2015,3.7
49.195,6.9574,2.8
48.623,6.1949,2.8
49.158,6.7441,3.2
49.158,6.7318,1.9
49.337,6.0822,6.4
49.187,6.9108,2.8
49.22,6.9261,6
49.166,6.7169,1.9
49.325,6.0765,3.7
49.535,5.8045,7.8
49.126,7.3816,10.6
49.13,6.1659,5.5
48.562,5.5057,2.7
49.908,4.6299,1.4
49.282,4.051,1.9
49.251,4.0231,4.2
49.224,4.0205,1.4
48.962,4.36,1
49.046,3.9559,2.8
48.302,4.0772,2.3
48.295,4.0503,2.8
48.646,4.966,1.4
49.745,4.7192,2.8
43.405,5.0644,9.7
43.676,4.6286,5.8
43.42,5.2128,1
43.639,5.1011,1.1
44.555,6.0731,0.8
44.549,6.0673,0.6
43.96,4.8572,2
43.835,5.7858,0.5
43.417,5.2223,5.2
43.306,5.3958,1.6
43.276,5.3977,2.9
43.348,5.3607,8.2
43.657,7.2033,1.1
43.702,7.2863,1.7
43.689,7.2421,1.7
43.127,5.9277,30.7
43.127,5.9219,6.7
43.53,5.4414,1
43.524,5.4496,4.9
43.6,7.0947,1.6
43.95,4.8051,3.1
43.937,4.8249,4.4
43.658,7.1578,12.4
43.563,7.0072,1.8
43.438,6.7684,0.7
43.303,5.4261,3.4
43.131,5.9242,6
43.288,5.4006,4.8
43.476,5.497,5.2
43.47,5.4984,5.3
43.654,7.1261,0.5
43.357,5.3315,3.2
43.33,5.3976,14
48.892,2.3456,11.7
48.355,2.6454,0.6
48.86,1.6767,4.6
48.93,2.2942,3.1
48.869,2.3117,25
48.85,2.2526,10.8
48.839,2.4128,10.1
48.873,2.3296,4.1
48.828,2.3267,14
48.87,2.3324,19.2
48.84,2.6346,1.9
48.806,3.0844,2.8
48.528,2.6538,6.7
48.364,2.2354,0.8
48.891,2.2406,4.9
48.925,2.3565,11.4
48.902,2.4526,1.1
48.902,2.3907,13.7
48.956,2.5744,1.9
48.841,2.4844,9.6
48.776,2.3758,1.9
48.991,2.4446,2.3
49.1,2.3438,2.3
48.83,2.2697,3.1
44.858,-0.58428,1
44.8,-0.5894,0.5
44.85,-0.54499,1.4
44.842,-0.58116,6.9
44.841,-0.65099,1.9
44.9,-0.51584,0.5
43.311,-0.39154,14.7
43.31,-0.31697,5.5
43.48,-1.4892,0.5
43.494,-1.5288,1.4
43.376,-0.53821,0.5
45.19,0.72718,4.2
44.192,0.62369,7.8
43.709,-1.052,1
43.311,-0.35212,0.5
43.896,-0.49145,1
44.509,0.14264,0.5
44.509,0.14264,6
43.47,-1.5538,0.5
43.839,-0.81204,1
45.647,0.16717,0.5
45.695,-0.32336,1.8
45.609,0.099722,1.8
45.609,0.099722,0.3
46.163,-1.1536,1
46.162,-1.2112,1
46.824,-0.13546,2.3
46.33,-0.45889,6.9
46.322,-0.46597,2.3
46.143,-0.39604,1.4
46.584,0.3456,1.9
46.587,0.35858,1
46.57,0.32358,1
45.651,0.16239,3.2
46.591,0.34039,2.8
46.164,-1.1377,13.8
46.164,-1.1377,0.3
46.164,-1.1377,0.4
46.164,-1.1377,15.8
46.164,-1.1377,14.7
46.164,-1.1377,3.6
46.164,-1.1377,3.7
45.647,0.16717,0.5
45.651,0.16239,3.2
46.31,-0.99192,18.3
46.143,-0.39604,1.4
45.876,0.82389,2.8
45.159,1.5372,1
45.83,1.2548,2.8
45.831,1.257,19.2
45.885,0.8985,0.5
45.263,1.7628,1
45.264,1.764,11
46.174,1.873,1
45.89,0.9,2.9
45.83,1.26,7.2
45.26,1.76,2.8
45.87,1.31,7.2
45.833,1.2168,7.2
43.624,1.4385,0.9
43.587,1.444,1.1
43.643,1.4677,3.6
43.625,1.3772,0.6
43.098,-0.039428,1
43.556,1.4039,1.1
43.562,1.3933,1.1
43.928,2.1459,1.2
43.633,1.3757,1
43.576,1.4181,1.1
43.23,0.062463,0.5
43.629,0.17906,0.2
43.803,1.5955,3.6
43.61,2.2302,1.2
43.574,1.4496,5.1
44.105,1.0847,31.7
43.644,1.4682,21.2
43.096,-0.040493,11.2
43.095,-0.052413,1.3
43.105,0.71913,0.3
43.61,1.4152,1.1
4.8482,-52.324,0.4
4.9379,-52.321,0.1
14.606,-61.065,27.7
14.614,-61.053,27.7
14.611,-61.003,0.3
14.616,-61.101,3.9
14.469,-60.927,0.1
14.676,-60.946,9.1
14.676,-60.946,0.2
14.755,-61.179,3.9
14.755,-61.179,1.3
48.397,-4.4887,3.3
48.386,-4.4866,2
47.996,-4.0997,5.5
47.742,-3.3946,2.1
47.649,-2.764,1.2
47.832,-1.8363,26.5
48.514,-2.7495,1.8
48.088,-1.658,13.9
48.109,-1.6659,2
48.09,-1.6591,2
43.834,4.3742,2.3
43.83,4.362,2.6
43.61,3.8988,2.2
43.591,3.8868,1.8
43.678,4.0917,1.1
42.684,2.9035,1
42.696,2.9005,2
43.925,4.2658,2.3
43.693,3.8002,23.7
44.055,4.6997,9.4
51.049,2.42,15.8
51.019,2.251,10.4
50.947,1.8431,5.4
50.95,1.7692,9.2
50.958,1.8901,5.4
50.981,2.1432,5.8
50.996,2.3663,8.7
50.713,1.6078,1.2
50.694,1.5766,1.1
51.024,2.3022,15.3
50.748,2.2598,1.4
50.61,1.9915,5.4
50.707,3.1807,6
50.309,2.8074,1.4
50.535,2.6357,0.7
50.172,3.2361,23.8
50.378,3.0659,2.1
50.449,2.9129,1.5
50.435,3.0296,2.4
50.279,3.9769,1.5
50.628,3.0903,1.1
50.724,3.1591,10.9
50.67,3.0766,2.2
50.092,3.85,0.9
50.359,3.508,2.2
50.364,3.5227,2.2
50.323,3.3959,2
50.366,3.3394,10.1
50.42,3.5518,2.8
50.49,2.6664,1.1
50.535,2.6357,0.7
50.641,3.0748,2.2
50.428,2.838,1.6
51.033,2.3324,15.8
49.442,1.0937,2.8
49.428,1.0578,1.4
49.021,1.1483,2.3
49.503,0.23249,16.5
49.498,0.14271,4.6
49.493,0.57185,10.6
49.498,0.75883,2.3
49.147,0.22722,2.3
49.636,-1.6267,16.5
49.647,-1.5934,3.2
49.116,-1.0847,1.4
48.446,0.11083,2.3
49.192,-0.39111,3.2
49.175,-0.35361,3.7
49.152,-0.35278,2.8
49.514,0.10086,1.9
49.434,1.0671,5.1
49.918,1.074,5.1
49.5,0.1109,6
49.437,1.0986,5.1
47.468,-0.55593,1
47.788,-0.44471,1
46.657,-0.74337,1.9
47.971,0.22146,1
47.222,-1.5374,1.9
47.204,-1.5529,3.7
47.264,-2.2501,1.9
47.056,-0.88355,1
47.247,-1.9365,1.9
47.319,-2.0669,1.9
47.283,-1.7831,0.5
46.661,-1.4368,1.9
48.069,-0.76751,1
47.253,-1.5733,2.3
41.925,8.7357,1.4
42.698,9.4464,1.5
41.965,8.8202,1
42.536,9.476,0.8
42.671,9.4347,1
42.7,9.4518,2.6
41.918,8.7369,5.9
42.236,9.19,0.6
41.925,8.7383,2.6
42.702,9.4462,14.2
-20.885,55.454,0.7
-20.911,55.619,0.3
-21.334,55.459,1.3
-21.313,55.474,1.2
-21.203,55.58,0.6
-21.294,55.628,0.6
-21.278,55.404,2
-21.022,55.267,1.7
-21.045,55.227,0.1
-21.332,55.479,5.6
-20.89,55.469,3.8
-21.223,55.303,0.6
16.257,-61.592,0.5
16.257,-61.592,2.3
16.237,-61.534,2.3
16.251,-61.528,0.6
48.61,7.7816,1.9
48.57,7.7663,1.9
48.576,7.7275,1.4
48.59,7.745,2.8
48.075,7.3507,1.9
47.757,7.3473,2.3
47.737,7.3091,1
48.919,8.1585,4.2
47.595,7.5682,1.4
47.748,7.3214,3.2
48.857,2.3522,10.8
44.799,20.45,1.5
44.786,20.522,5.5
44.003,19.905,8.1
44.803,20.4,0.1
45.208,19.721,10.2
43.317,21.913,2.2
44.659,20.204,7.7
44.808,20.705,2.4
44.859,20.649,3.2
44.87,20.648,2.1
44.652,20.932,1.5
44.273,19.899,0.7
44.664,20.927,1.9
44.821,20.459,2.7
45.239,19.836,0.5
43.323,21.919,0.9
45.263,19.819,1.2
43.911,21.508,30.6
41.04,21.356,1
41.03,21.337,1.3
41.514,20.959,2.6
41.536,20.699,0.9
42.004,20.968,2.3
42.004,21.464,0.4
41.978,21.47,1.7
41.999,21.441,0.9
41.987,21.652,1.6
41.706,21.765,1.1
41.914,22.416,2.8
41.441,22.007,0.5
41.8,20.91,1
42.136,21.715,8
41.439,22.643,2.8
45.024,24.28,2.4
45.083,24.369,1.6
43.969,25.33,1.3
43.753,24.889,2.6
46.064,23.555,1.9
45.966,23.558,3.1
46.108,23.232,0.2
44.88,24.838,6.3
44.861,24.867,3.4
45.284,25.066,3.3
44.862,25.01,1.6
44.979,24.761,11.8
44.767,24.967,2.7
46.188,21.297,3.7
46.175,21.359,3.7
46.164,20.738,2
46.563,26.911,4.4
46.544,26.93,2.3
46.258,26.791,1.8
47.071,21.92,6
47.03,21.955,1.5
47.046,22.324,3.3
47.13,24.5,3.7
47.74,26.66,3.1
45.649,25.604,3.7
45.66,25.614,9.4
45.717,25.633,1.4
45.634,25.634,5.4
45.654,25.624,5.4
45.438,25.295,1.5
45.366,22.241,3.8
45.519,22.355,5.6
45.18,22.06,6.8
44.182,28.643,2.7
44.321,28.613,1.1
43.827,28.581,2.7
44.15,28.624,4.4
44.245,28.271,2.6
44.174,28.636,19.5
44.32,28.612,5.1
45.878,25.801,1.5
44.313,23.852,3.8
44.341,23.73,4.9
45.047,23.273,1.7
44.897,23.175,1.7
44.683,23.372,3.9
45.43,28.045,4
45.448,28.053,4.5
45.449,28.044,2.4
45.843,27.431,1.2
43.904,25.979,2.8
43.905,25.971,5.1
45.871,22.908,5.5
45.885,22.908,3.1
45.373,23.28,5.4
45.775,22.916,2.5
47.158,27.613,3.6
47.2,27.783,2.6
47.649,23.547,9.9
47.651,23.57,3.6
47.667,23.583,2
47.709,23.624,2.1
46.935,26.389,2
44.933,26.033,7.1
44.933,26.033,3.3
44.921,26.032,6.8
44.939,26.025,4.1
44.933,26.033,3.8
45.798,24.178,0.2
46.158,24.334,0.9
45.272,28.447,3.1
45.759,21.231,5
45.853,21.168,2.4
45.76,21.23,5.3
45.757,21.229,2.9
45.736,21.25,4
45.269,27.957,3.1
45.287,27.954,0.9
47.647,26.25,2.3
47.317,25.133,7.1
47.956,26.069,3.2
45.7,27.18,0.7
46.645,27.737,1.9
44.456,26.025,3.2
44.419,26.162,4.7
44.426,26.054,2.3
44.435,26.099,6.6
44.617,26.1,2.9
45.398,27.047,14
44.203,27.315,4.2
44.199,27.325,2.7
44.917,25.478,10.7
45.122,25.418,3.2
44.624,22.663,1.8
46.534,24.536,5.2
46.478,24.096,2
47.194,23.045,2.2
47.798,22.879,3.1
47.684,22.467,4.6
46.781,23.627,8.6
46.782,23.627,11.3
42.662,21.151,5.8
42.22,20.728,3
42.666,20.305,7.5
44.17,17.656,14.7
43.865,18.419,2.8
43.859,18.435,2.8
43.859,18.435,2.8
43.83,18.311,15.1
43.75,18.039,15.1
44.342,17.269,1
44.203,17.908,1.9
44.195,17.931,12.8
44.231,17.889,14.7
44.209,17.892,2.3
43.669,18.975,5.5
43.848,18.363,18.3
44.541,18.673,3.3
44.532,18.655,2.4
44.524,18.6,5
44.533,18.535,4.8
44.454,18.648,3.2
44.454,18.648,1.4
44.454,18.648,1.4
44.114,18.113,18.8
43.857,18.398,2.8
43.96,18.269,18.3
44.29,17.896,14.7
57.157,-2.0943,1
55.792,-3.2429,0.3
55.946,-3.1822,2.4
55.859,-4.2589,7.3
56.01,-3.7044,8.7
57.481,-4.2415,2.8
55.866,-4.2436,0.9
55.861,-4.2382,2.8
55.944,-4.7344,5.9
57.129,-2.1254,2.8
57.157,-2.0943,1
57.17,-2.0953,3.2
57.142,-2.0917,7.4
57.145,-2.1065,11
57.134,-2.094,5.1
55.792,-3.2429,6
56.467,-2.9434,13.8
56.465,-2.9939,5.1
56.475,-2.9599,1.9
56.464,-2.9714,8.3
56.462,-2.9674,7.8
56.459,-2.9714,14.2
56.46,-2.9707,1.4
55.607,-4.498,4.2
55.611,-4.499,2.8
55.92,-4.3335,3.2
55.904,-4.225,2.8
55.936,-4.1518,1
55.938,-4.3178,2.8
55.944,-3.0592,2.8
55.786,-4.2747,1.4
55.939,-3.3927,1.4
55.954,-3.2055,2.8
55.96,-3.3032,3.2
55.975,-3.1615,2.8
55.943,-3.2811,3.2
55.946,-3.1822,2.3
55.988,-3.9693,2.3
56.019,-3.721,3.2
55.991,-3.9417,2.3
56.001,-3.7901,1.9
56.319,-3.0142,2.3
56.074,-3.4486,2.3
56.124,-3.1413,7.8
56.036,-3.4176,1.9
55.851,-4.2311,9.6
55.876,-4.3188,0.5
55.851,-4.1971,3.7
55.874,-4.2947,1
55.871,-4.3184,0.5
55.859,-4.2589,7.4
55.836,-4.2708,25.6
55.866,-4.2436,1
55.794,-4.355,2.3
56.01,-3.7044,8.7
55.944,-4.7344,3.7
57.481,-4.2415,2.8
55.958,-4.0394,37.1
55.909,-4.0823,11.9
55.788,-3.9864,1.4
55.615,-4.6668,1.4
55.844,-4.0374,11.5
55.842,-4.424,0.5
55.848,-4.4266,0.5
56.399,-3.4342,10.1
56.373,-3.8415,1.4
56.397,-3.4324,2.3
56.415,-3.4496,5.1
55.47,-4.6337,1.4
55.465,-4.6317,1.4
55.775,-4.1636,1.9
55.774,-4.0374,1.9
55.818,-4.0818,2.3
56.115,-3.9322,1.9
55.918,-4.4062,5.5
55.934,-3.4692,3.7
55.977,-3.5973,6
55.984,-3.4559,3.2
55.897,-3.3197,0.5
56.002,-3.7865,1.9
55.862,-4.2714,1.9
55.674,-3.7757,6
56.117,-3.7919,3.7
55.861,-4.2382,2.8
55.863,-4.391,5.1
55.828,-4.2188,3.7
56.117,-3.7918,4.6
56.642,-2.8943,13.8
55.819,-4.1671,5.5
56.002,-3.7844,2.3
56.014,-3.789,24.3
55.836,-4.5088,10.6
55.799,-4.0584,8.3
54.6,-5.9288,2.6
-7.3291,55.001,3.5
55.003,-7.3312,1
54.354,-6.6546,5.1
54.862,-6.2509,4.2
54.6,-5.9288,2.8
54.573,-5.9749,2.3
55.001,-7.3291,3.2
54.18,-6.3392,6
54.821,-7.4533,1
54.544,-6.0086,3.2
54.642,-5.8379,4.2
55.003,-7.3311,1
52.437,-1.83,2.5
52.512,-1.8309,10.5
53.805,-3.0072,2.2
50.74,-1.8267,18.3
51.463,-2.5845,3.7
51.544,-0.17527,6.3
54.895,-2.9453,3.9
51.374,0.54797,0.5
53.231,-1.4336,4.2
53.232,-1.4569,5.3
-1.5196,52.394,6
50.806,0.27161,7
51.599,-0.068218,11.7
51.571,-1.3253,9.6
53.749,-0.34122,4.2
52.289,-1.5331,3
52.295,-1.5429,2.8
53.804,-1.5465,1.7
53.82,-1.5764,1.8
-1.133,52.631,8.9
53.346,-2.8443,8.4
51.466,0.18481,5
51.522,-0.12589,10.4
51.453,0.070766,3
51.489,-0.44161,4.3
51.617,-0.29878,2.7
51.523,-0.15461,11.7
51.521,-0.21349,2.9
51.425,-0.34561,27.9
51.495,-0.13193,6
53.482,-2.2379,4.4
54.569,-1.2209,3
54.978,-1.6105,3.6
52.614,1.302,3
52.955,-1.1464,2.7
51.745,-1.2603,0.8
50.372,-4.1424,5.5
50.829,-1.0686,3.2
53.766,-2.6804,5.7
51.453,-0.94446,2.8
51.456,0.63489,2.2
53.485,-2.3341,4.7
50.411,-4.2277,8.6
52.132,-0.30031,3.7
50.908,-1.3958,12
51.544,0.67841,2.7
51.518,0.43955,2.4
54.517,-1.3585,2.8
53.028,-2.1751,2.1
50.917,-0.44955,5.7
54.884,-1.4069,1.3
53.389,-2.6154,3.9
53.549,-2.6381,3.6
53.373,-3.0227,11.2
53.968,-1.0865,8.9
53.952,-1.0759,2.7
52.2,0.12774,2.8
52.208,0.14152,5.1
52.226,0.087222,4.2
51.488,-0.47945,22
52.62,-1.1273,2.3
53.379,-1.4781,8.6
53.244,-1.4549,2
51.15,-1.4382,5.7
52.412,-1.5602,1.9
54.566,-1.3159,3.5
51.463,-2.5845,3.7
50.735,-1.7809,22.2
52.272,-0.91661,2.1
53.405,-1.4558,8.8
52.476,-1.875,4.5
52.614,1.3019,5.1
52.746,0.402,2.8
52.629,1.2967,1.9
51.489,-0.31008,8.7
51.493,-0.25725,7.8
51.562,-0.004898,10.6
53.46,-2.4721,3.2
53.472,-2.2376,8.7
53.369,-2.2433,28.8
51.482,-3.1763,1.9
51.638,-2.6787,5.5
51.601,-2.9773,9.1
51.584,-3.7708,6.9
51.633,-3.9474,2.3
53.042,-3.0028,5.5
51.667,-3.1949,2.8
51.74,-3.2983,31.6
51.574,-3.2181,5.1
51.482,-3.1763,1.9
51.638,-2.6787,5.5
51.654,-3.007,4.6
51.782,-4.6915,2.3
51.601,-2.9773,9.2
51.59,-3.786,14.2
51.572,-3.7511,9.6
51.585,-3.8011,9.6
51.584,-3.7708,9.6
51.58,-3.7665,9.6
51.591,-3.7792,6.9
51.59,-3.772,6.9
51.577,-3.759,9.6
51.662,-3.9213,1.9
51.633,-3.9474,2.3
51.688,-4.9936,7.8
51.445,-3.187,4.6
51.62,-3.3323,9.6
51.491,-3.1523,8.7
52.481,-1.9182,1.6
51.45,-0.037418,1.4
51.577,0.030858,7.6
51.569,0.082907,4.5
51.552,-0.25809,9.2
51.528,-0.12905,17.8
51.526,-0.08491,9
51.521,0.20546,4.8
51.515,-0.0084185,10.6
51.509,-0.39221,6.3
51.495,0.13728,2.5
51.491,0.15891,3.4
51.491,0.074003,4.6
51.487,0.095111,6.2
51.475,-0.039641,8.9
51.456,0.040725,5.9
51.389,-0.14166,6.8
51.532,-0.21772,26.1
51.484,0.0004074,12.8
51.453,-0.94446,2.8
51.532,-0.21772,9.6
51.494,0.01078,4
55.794,-4.0924,8.3
55.976,-3.164,2.8
55.783,-3.9818,20.6
53.503,-2.3814,8.7
53.449,-2.321,2.3
53.563,-2.3307,3.7
53.377,-2.1202,2.8
53.459,-2.0057,9.2
53.442,-2.3113,6.4
51.538,-0.24779,4.5
51.553,-0.24877,6.5
52.486,-1.8904,2.5
51.507,-0.12776,18.4
